ID,SMILES,pIC50,bioactivity,grouping,MW,LogP,LogS,nHA,nHD,TPSA,Druglikeness,Molecular Flexibility,Molecular Complexity,Non-C/H Atoms,nStereo,nRot,VDW-Surface
CHEMBL104043,Cc1cc(C2=NC(C(=O)NO)CO2)ccc1F,5.92,inactive,group2,238.217,0.1527,-2.745,5,2,70.92,-3.5632,0.40233,0.73618,6,1,2,226.02
CHEMBL104175,O=C(NO)C1CSC(c2ccc(F)cc2)=N1,4.2,inactive,group2,240.257,1.0879,-3.512,4,2,86.99,1.9605,0.42171,0.6621,6,1,2,221.91
CHEMBL104329,CC(C)=CCOc1ccc(C2=NC(C(=O)NO)CO2)cc1OC(F)(F)F,6.72,inactive,group2,374.314,2.4063,-3.864,7,2,89.38,-10.373,0.45782,0.82134,10,1,7,332.77
CHEMBL104470,O=C(NO)C1COC(c2cc(F)cc(C(F)(F)F)c2)=N1,4.6,inactive,group2,292.188,0.6571,-3.179,5,2,70.92,-9.3847,0.46362,0.77052,9,1,3,242.75
CHEMBL104569,O=C(NO)C1COC(c2cccc(OC(F)(F)F)c2)=N1,5.22,inactive,group2,290.196,0.807,-3.11,6,2,80.15,-10.195,0.52409,0.75761,9,1,4,245.73
CHEMBL104577,O=C(NO)C1CCOC(c2cc3cc(F)ccc3[nH]2)=N1,4.51,inactive,group2,277.254,0.2442,-3.22,6,3,86.71,1.7638,0.39493,0.81812,7,1,2,248.49
CHEMBL104671,O=C(NO)C1COC(c2ccc(OC(F)(F)F)c(Cl)c2)=N1,4.52,inactive,group2,324.642,1.413,-3.846,6,2,80.15,-10.121,0.4728,0.77625,10,1,4,257.08
CHEMBL105024,C=CCOc1ccc(C2=NC(C(=O)NO)CO2)cc1OC(F)(F)F,6.92,inactive,group2,346.26,1.4122,-3.637,7,2,89.38,-15.525,0.45927,0.81672,10,1,7,296.4
CHEMBL105262,COc1c(F)cc(C2=NC(C(=O)NO)CO2)cc1Br,5.05,inactive,group2,333.112,0.464,-3.253,6,2,80.15,-5.2376,0.42659,0.79656,8,1,3,254.42
CHEMBL105614,O=C(NO)C1COC(c2[nH]c3ccc(F)cc3c2Cl)=N1,6.52,inactive,group2,297.672,0.5082,-3.686,6,3,86.71,-2.7845,0.35702,0.84008,8,1,2,253.67
CHEMBL106401,O=C(NO)C1COC(c2ccc(OC(F)(F)F)cc2)=N1,5.3,inactive,group2,290.196,0.807,-3.11,6,2,80.15,-10.195,0.52409,0.7268,9,1,4,245.83
CHEMBL106535,O=C(NO)C1COC(c2ccc(C(F)(F)F)cc2)=N1,5.11,inactive,group2,274.197,0.5563,-2.865,5,2,70.92,-9.3847,0.47563,0.73199,8,1,3,240.06
CHEMBL106647,O=C(NO)C1COC(c2ccc(Br)cc2)=N1,5.57,inactive,group2,285.096,0.4332,-2.921,5,2,70.92,-3.9847,0.39869,0.70285,6,1,2,226.79
CHEMBL106727,CCCc1ccc(-c2ccc(C3=NC(C(=O)NO)CO3)cc2)cc1,6.55,inactive,group2,324.379,2.5811,-4.946,5,2,70.92,-4.395,0.44662,0.73452,5,1,5,334.33
CHEMBL106733,CN(C)c1ccc(C2=NC(C(=O)NO)CO2)cc1,5.31,inactive,group2,249.269,-0.3956,-2.123,6,2,74.16,-1.2989,0.46973,0.68153,6,1,3,252.46
CHEMBL106826,CCCCn1nc(C2=NC(C(=O)NO)CO2)c2ccccc21,5,inactive,group2,302.333,0.306,-2.924,7,2,88.74,-1.3679,0.41326,0.84972,7,1,5,299.86
CHEMBL106879,O=C(NO)C1COC(c2ccc([N+](=O)[O-])cc2)=N1,5.27,inactive,group2,251.197,-1.2136,-2.547,8,2,116.74,-7.2413,0.44547,0.72049,8,1,3,231.7
CHEMBL106912,O=C(NO)C1COC(c2cccc(C(F)(F)F)c2)=N1,5.6,inactive,group2,274.197,0.5563,-2.865,5,2,70.92,-9.3847,0.47563,0.76856,8,1,3,239.94
CHEMBL106945,C=CCOc1ccc(C2=NC(C(=O)NO)CO2)cc1C(F)(F)F,5.66,inactive,group2,330.261,1.1615,-3.392,6,2,80.15,-14.715,0.44723,0.8293,9,1,6,293.11
CHEMBL106989,C=CCCOc1ccc(C2=NC(C(=O)NO)CO2)cc1,5.25,inactive,group2,276.291,0.7676,-2.884,6,2,80.15,-5.1306,0.49074,0.68976,6,1,6,283.36
CHEMBL107004,O=C(NO)C1COC(c2[nH]nc3ccccc23)=N1,5.26,inactive,group2,246.225,-1.0275,-2.185,7,3,99.6,-0.16149,0.37947,0.8236,7,1,2,228.75
CHEMBL107127,O=C(NO)C1CSC(c2ccc(OC(F)(F)F)cc2)=N1,4.66,inactive,group2,306.263,2.0861,-4.221,5,2,96.22,-4.7557,0.54099,0.68745,9,1,4,255.01
CHEMBL107152,O=C(NO)C1COC(c2ccc(COc3cccc([N+](=O)[O-])c3)cc2)=N1,6.25,inactive,group2,357.321,0.1345,-3.888,9,2,125.97,-7.2413,0.48669,0.76657,9,1,6,329.34
CHEMBL107588,C=CCCOc1ccc(C(=O)NC(CO)C(=O)NO)cc1,5.41,inactive,group2,294.306,0.2062,-2.339,7,4,107.89,1.0602,0.6149,0.63466,7,1,8,301.05
CHEMBL107909,CCCc1cc(C2=NC(C(=O)NO)CS2)cc(OC(F)(F)F)c1OC,4.75,inactive,group2,378.37,3.23,-5.012,6,2,105.45,-6.9386,0.50659,0.82626,10,1,7,324.46
CHEMBL107950,O=C(NO)C1COC(c2ccc(OCc3cccc(C(F)(F)F)c3)c(F)c2)=N1,6.08,inactive,group2,398.311,2.0052,-4.52,6,2,80.15,-9.3847,0.4195,0.8075,10,1,6,341.95
CHEMBL108104,C=CCOc1ccc(C(=O)NC(CO)C(=O)NO)cc1OC(F)(F)F,5.12,inactive,group2,364.275,0.8508,-3.092,8,4,117.12,-9.3567,0.58612,0.78706,11,1,9,317.69
CHEMBL108105,CC(F)(F)Oc1ccc(C(=O)NC(CO)C(=O)NO)cc1,5.81,inactive,group2,304.248,0.1928,-2.525,7,4,107.89,-0.098614,0.64887,0.6766,9,1,6,275.12
CHEMBL108276,CCOc1cc(C(=O)NC(CO)C(=O)NO)ccc1F,4.34,inactive,group2,286.258,-0.4163,-2.174,7,4,107.89,1.4117,0.55577,0.7177,8,1,6,274.74
CHEMBL108902,COc1ccc(C2=NC(C(=O)NO)CO2)cc1OC(F)(F)F,6.8,inactive,group2,320.222,0.737,-3.128,7,2,89.38,-10.108,0.45702,0.80599,10,1,5,268.2
CHEMBL1956104,C[C@@](CCc1ccc(-c2ccccc2F)cc1)(C(=O)NO)S(C)(=O)=O,8.87,active,group1,365.424,2.3114,-4.735,5,2,91.85,0.14276,0.62257,0.77117,7,1,6,328.87
CHEMBL1956105,COc1ccccc1-c1ccc(CC[C@](C)(C(=O)NO)S(C)(=O)=O)cc1,8.15,active,group1,377.46,2.1406,-4.439,6,2,101.08,1.7382,0.61455,0.78706,7,1,7,349.55
CHEMBL1956113,C[C@@](CCc1ccc(Sc2ccccc2)cc1)(C(=O)NO)S(C)(=O)=O,7.52,intermediate,group2,379.5,2.3725,-4.121,5,2,117.15,1.4518,0.66336,0.74106,7,1,7,340.71
CHEMBL1956114,C[C@@](CCc1ccc(-c2cccnc2)cc1)(C(=O)NO)S(C)(=O)=O,7.53,intermediate,group2,348.422,1.2097,-3.626,6,2,104.74,1.937,0.62394,0.76319,7,1,6,319.44
CHEMBL1956115,C[C@@](CCc1ccc(-c2ccccc2)cc1)(C(=O)NO)S(C)(=O)=O,8.86,active,group1,347.434,2.2106,-4.421,5,2,91.85,1.3903,0.62394,0.74499,6,1,6,323.11
CHEMBL1956117,CS(=O)(=O)C(CCc1ccc(-c2ccccc2)cc1)C(=O)NO,7.86,intermediate,group2,333.407,1.8249,-4.239,5,2,91.85,0.94503,0.60077,0.68861,6,1,6,316.46
CHEMBL1956120,CC(CSc1ccc(-c2ccccc2)cc1)(C(=O)NO)S(C)(=O)=O,8.04,active,group1,365.473,1.9709,-4.728,5,2,117.15,3.4075,0.67668,0.74499,7,1,6,324.32
CHEMBL1956121,CC(CS(=O)(=O)c1ccc(-c2ccccc2)cc1)(C(=O)NO)S(C)(=O)=O,7.92,intermediate,group2,397.471,0.4957,-4.297,7,2,134.37,0.8215,0.64364,0.80949,9,1,6,325.68
CHEMBL1956122,CC(COc1ccc(-c2ccccc2)cc1)(C(=O)NO)S(C)(=O)=O,7.5,intermediate,group2,349.406,1.333,-3.966,6,2,101.08,3.8039,0.60109,0.74499,7,1,6,317.2
CHEMBL1956123,CCc1ccccc1-c1ccc(CC[C@](C)(C(=O)NO)S(C)(=O)=O)cc1,7.58,intermediate,group2,375.487,2.9701,-4.924,5,2,91.85,1.1199,0.62814,0.78706,6,1,7,353.83
CHEMBL1956125,C[C@@](CCc1ccc(-c2cccc(Cl)c2)cc1)(C(=O)NO)S(C)(=O)=O,8.45,active,group1,381.879,2.8166,-5.157,5,2,91.85,1.3897,0.62007,0.76043,7,1,6,340.51
CHEMBL1956126,CC(C)c1cccc(-c2ccc(CC[C@](C)(C(=O)NO)S(C)(=O)=O)cc2)c1,8.17,active,group1,389.514,3.3976,-5.292,5,2,91.85,0.97668,0.62822,0.77994,6,1,7,371.49
CHEMBL1956127,C[C@@](CCc1ccc(-c2cccc(-n3cccn3)c2)cc1)(C(=O)NO)S(C)(=O)=O,7.66,intermediate,group2,413.497,1.3794,-4.156,7,2,109.67,3.9727,0.57087,0.81812,8,1,7,379.45
CHEMBL1956128,C[C@@](CCc1ccc(-c2cccc(C(N)=O)c2)cc1)(C(=O)NO)S(C)(=O)=O,7.56,intermediate,group2,390.459,1.2979,-4.51,7,3,134.94,0.50133,0.62981,0.78992,8,1,7,356
CHEMBL1956130,C[C@@](CCc1ccc(-c2ccc(F)cc2)cc1)(C(=O)NO)S(C)(=O)=O,8.76,active,group1,365.424,2.3114,-4.735,5,2,91.85,-3.5919,0.62007,0.75329,7,1,6,328.33
CHEMBL1956131,C[C@@](CCc1ccc(-c2ccc(C#N)cc2)cc1)(C(=O)NO)S(C)(=O)=O,9.87,potent,group1,372.444,2.0462,-5.194,6,2,115.64,-11.105,0.61133,0.75903,7,1,6,345.45
CHEMBL1956134,CC(CCc1ccc(OCc2ccccc2)cc1)(C(=O)NO)S(C)(=O)=O,8.29,active,group1,377.46,1.8995,-3.676,6,2,101.08,-5.504,0.62682,0.73864,7,1,8,350.77
CHEMBL1956136,CC(CCc1ccc(OC2CCCC2)cc1)(C(=O)NO)S(C)(=O)=O,8,active,group1,355.454,1.6951,-3.657,6,2,101.08,2.4316,0.62022,0.73864,7,1,7,329.82
CHEMBL1956137,CC(CCc1ccc(OCc2ccncc2)cc1)(C(=O)NO)S(C)(=O)=O,7.67,intermediate,group2,378.448,0.8986,-2.881,7,2,113.97,3.4548,0.62682,0.73864,8,1,8,346.19
CHEMBL1956138,CC(CCc1ccc(OCc2cc[n+]([O-])cc2)cc1)(C(=O)NO)S(C)(=O)=O,7.03,intermediate,group2,394.447,0.4231,-5.265,8,2,126.54,2.2082,0.62539,0.74421,9,1,8,351.38
CHEMBL1956139,C[C@@](CCc1ccc(-c2ccc(C(=O)O)cc2)cc1)(C(=O)NO)S(C)(=O)=O,7.13,intermediate,group2,391.443,1.6957,-4.434,7,3,129.15,-8.995,0.62294,0.7679,8,1,7,352.38
CHEMBL1956140,C[C@@](CCc1ccc(-c2ccc(OCCCC(=O)O)cc2)cc1)(C(=O)NO)S(C)(=O)=O,7.67,intermediate,group2,449.522,2.1794,-4.754,8,3,138.38,-4.4325,0.63554,0.77052,9,1,11,415.82
CHEMBL1956141,C[C@@](CCc1ccc(-c2ccc(CN)cc2)cc1)(C(=O)NO)S(C)(=O)=O,7.89,intermediate,group2,376.476,1.2155,-4.381,6,3,117.87,-2.7554,0.63006,0.75903,7,1,7,355.92
CHEMBL1956142,CC(CCc1ccc(-c2ccc(OCCCN)cc2)cc1)(C(=O)NO)S(C)(=O)=O,7.9,intermediate,group2,420.528,1.6768,-4.578,7,3,127.1,-2.0992,0.62992,0.76723,8,1,10,398.22
CHEMBL1956143,CC(CCc1ccc(-c2ccc(OCCCNC(=N)N)cc2)cc1)(C(=O)NO)S(C)(=O)=O,8.02,active,group1,462.569,1.0635,-4.219,9,5,162.98,0.12246,0.64846,0.77052,10,1,11,437.16
CHEMBL1956144,C[C@@](CCc1ccc(-c2ccc(OCCCN3CCOCC3)cc2)cc1)(C(=O)NO)S(C)(=O)=O,9.76,potent,group1,490.619,2.2638,-4.199,8,2,113.55,-0.59198,0.59326,0.77562,9,1,11,464.53
CHEMBL1956145,C[C@@](CCc1ccc(-c2ccc3c(c2)OCO3)cc1)(C(=O)NO)S(C)(=O)=O,8.92,active,group1,391.443,2.322,-5.132,7,2,110.31,1.6829,0.56397,0.80899,8,1,6,346.39
CHEMBL1956146,C[C@@](CCc1ccc(-c2ccc(O)cc2)cc1)(C(=O)NO)S(C)(=O)=O,8.43,active,group1,363.433,1.8649,-4.125,6,3,112.08,-2.4493,0.62007,0.75329,7,1,6,331.67
CHEMBL1956148,C[C@@](CCc1ccc(-c2ccc(C(=O)CO)cc2)cc1)(C(=O)NO)S(C)(=O)=O,8.73,active,group1,405.47,1.1551,-4.598,7,3,129.15,-4.8729,0.62145,0.77373,8,1,8,369.69
CHEMBL2012182,CCc1ccc(-c2ccc(C(=O)N[C@H](C(=O)NO)[C@@H](C)O)cc2)cc1,8.1,active,group1,342.394,1.9246,-4.509,6,4,98.66,1.8617,0.53582,0.71292,6,2,6,345.72
CHEMBL2012183,CC(CO)(NC(=O)c1ccc(-c2ccccc2)cc1)C(=O)NO,6.54,inactive,group2,314.34,1.1864,-3.737,6,4,98.66,0.82333,0.5355,0.69969,6,1,5,302.06
CHEMBL2012184,CC(CO)(COc1ccc(-c2ccccc2)cc1)C(=O)NO,6.41,inactive,group2,301.341,2.1762,-3.87,5,3,78.79,-2.2754,0.58956,0.6593,5,1,6,298.26
CHEMBL2012185,CC(CO)(OCc1ccc(-c2ccccc2)cc1)C(=O)NO,7.66,intermediate,group2,301.341,1.5782,-3.744,5,3,78.79,-1.8933,0.57053,0.66485,5,1,6,296.43
CHEMBL2012186,CC(CO)(CCc1ccc(-c2ccccc2)cc1)C(=O)NO,8.48,active,group1,299.369,3.0538,-4.325,4,3,69.56,-5.6929,0.61263,0.66485,4,1,6,303.16
CHEMBL2012187,C[C@H](O)[C@](C)(OCc1ccc(-c2ccccc2)cc1)C(=O)NO,8.52,active,group1,315.368,1.9375,-4.122,5,3,78.79,1.4273,0.57719,0.69862,5,2,6,306.89
CHEMBL2012188,C[C@@H](O)[C@](C)(OCc1ccc(-c2ccccc2)cc1)C(=O)NO,8.4,active,group1,315.368,1.9375,-4.122,5,3,78.79,1.4273,0.57529,0.69862,5,2,6,306.32
CHEMBL2012189,CC[C@H](O)[C@@](C)(OCc1ccc(-c2ccccc2)cc1)C(=O)NO,8.1,active,group1,329.395,2.3919,-4.392,5,3,78.79,1.412,0.58701,0.72141,5,2,7,326.88
CHEMBL2012190,CC(C)[C@H](O)[C@](C)(OCc1ccc(-c2ccccc2)cc1)C(=O)NO,7.14,intermediate,group2,343.421,2.6102,-4.552,5,3,78.79,1.6513,0.58492,0.73536,5,2,7,335.27
CHEMBL2012191,CC(C)C[C@H](O)[C@](C)(OCc1ccc(-c2ccccc2)cc1)C(=O)NO,6.8,inactive,group2,357.448,3.0646,-4.822,5,3,78.79,3.3997,0.59709,0.74264,5,2,8,357.6
CHEMBL2012192,CCCC[C@H](O)[C@](C)(OCc1ccc(-c2ccccc2)cc1)C(=O)NO,7.05,intermediate,group2,357.448,3.3007,-4.932,5,3,78.79,-1.8008,0.58614,0.74264,5,2,9,362.37
CHEMBL2012193,CCOCC[C@H](O)[C@](C)(OCc1ccc(-c2ccccc2)cc1)C(=O)NO,7.55,intermediate,group2,373.447,2.2994,-4.313,6,3,88.02,2.0324,0.60086,0.74577,6,2,10,373.49
CHEMBL2012194,C[C@@](OCc1ccc(-c2ccccc2)cc1)(C(=O)NO)[C@@H](O)c1ccccc1,7.29,intermediate,group2,377.439,2.8767,-4.838,5,3,78.79,2.865,0.50459,0.77373,5,2,7,358.17
CHEMBL2012195,C[C@@](OCc1ccc(-c2ccccc2)cc1)(C(=O)NO)[C@@H](O)c1cccnc1,7.75,intermediate,group2,378.427,1.8758,-4.043,6,3,91.68,2.865,0.50459,0.80135,6,2,7,353.36
CHEMBL2012196,C[C@](OCc1ccc(-c2ccccc2)cc1)(C(=O)NO)[C@@H](O)c1ccccn1,7.82,intermediate,group2,378.427,1.9298,-4.067,6,3,91.68,2.865,0.50217,0.81291,6,2,7,357.66
CHEMBL2012197,Cn1nncc1[C@H](O)[C@](C)(OCc1ccc(-c2ccccc2)cc1)C(=O)NO,7.58,intermediate,group2,382.419,0.6386,-3.618,8,3,109.5,0.24821,0.51095,0.83354,8,2,7,347.64
CHEMBL2012198,Cn1ccnc1[C@H](O)[C@](C)(OCc1ccc(-c2ccccc2)cc1)C(=O)NO,7.6,intermediate,group2,381.431,1.0592,-2.6,7,3,96.61,4.6145,0.51095,0.82089,7,2,7,351.3
CHEMBL2012199,C[C@@](OCc1ccc(-c2ccccc2)cc1)(C(=O)NO)[C@@H](O)c1c[nH]cn1,9.1,potent,group1,367.404,1.0909,-3.677,7,4,107.47,3.9674,0.51122,0.8075,7,2,7,336.43
CHEMBL2012200,C[C@@](OCc1ccc(-c2ccccc2)cc1)(C(=O)NO)[C@@H](O)c1ccn[nH]1,9.4,potent,group1,367.404,0.8243,-3.435,7,4,107.47,5.3665,0.51122,0.8075,7,2,7,334.52
CHEMBL2012201,C[C@@](OCc1ccc(-c2ccccc2)cc1)(C(=O)NO)[C@@H](O)c1ncco1,8.52,active,group1,368.388,1.3386,-3.571,7,3,104.82,3.0137,0.51122,0.8075,7,2,7,337.01
CHEMBL2012202,C[C@@](OCc1ccc(-c2ccccc2)cc1)(C(=O)NO)[C@@H](O)c1ccno1,9.1,potent,group1,368.388,1.341,-3.959,7,3,104.82,4.0474,0.51122,0.8075,7,2,7,334.47
CHEMBL2012203,C[C@@](OCc1ccc(-c2ccccc2)cc1)(C(=O)NO)[C@@H](O)c1ccon1,9.4,potent,group1,368.388,1.341,-3.959,7,3,104.82,4.0622,0.51122,0.8075,7,2,7,335.56
CHEMBL2012204,Cc1cc([C@H](O)[C@](C)(OCc2ccc(-c3ccccc3)cc2)C(=O)NO)no1,9.43,potent,group1,382.415,1.7389,-4.327,7,3,104.82,2.1585,0.51095,0.8227,7,2,7,352.5
CHEMBL2012205,C[C@@](OCc1ccc(-c2ccccc2)cc1)(C(=O)NO)[C@@H](O)c1cc(CO)on1,9.22,potent,group1,398.414,0.7977,-3.867,8,4,125.05,4.292,0.51522,0.82973,8,2,8,361.5
CHEMBL2012206,CC(C)(OCc1ccc(-c2ccccc2)cc1)C(=O)NO,6.51,inactive,group2,285.342,2.5049,-4.251,4,2,58.56,-0.77293,0.55046,0.62778,4,0,5,297.76
CHEMBL2021944,COc1ncc(-c2ccc(-c3ccn(CC[C@](C)(C(=O)NO)S(C)(=O)=O)c(=O)c3)cc2)cn1,8.7,active,group1,472.521,0.077601,-3.585,10,2,147.17,5.1417,0.58951,0.83229,11,1,8,417.65
CHEMBL2023127,CC(CCc1ccc(-c2ccccc2)cn1)(C(=O)NO)S(C)(=O)=O,7.89,intermediate,group2,348.422,1.2637,-3.65,6,2,104.74,2.4728,0.61868,0.77933,7,1,6,318.53
CHEMBL2023128,CC(CCc1ccc(-c2ccccc2)nc1)(C(=O)NO)S(C)(=O)=O,7.31,intermediate,group2,348.422,1.3007,-3.318,6,2,104.74,2.4728,0.61801,0.76921,7,1,6,317.51
CHEMBL2023130,CC(CCc1ccc(-c2ccccc2)nc1O)(C(=O)NO)S(C)(=O)=O,7.28,intermediate,group2,364.421,1.3064,-3.547,7,3,124.97,2.5044,0.58718,0.79818,8,1,6,319.48
CHEMBL2023131,C[C@@](CCn1ccc(-c2ccccc2)cc1=O)(C(=O)NO)S(C)(=O)=O,8.44,active,group1,364.421,-0.3179,-2.214,7,2,112.16,4.8845,0.6491,0.79818,8,1,6,323.05
CHEMBL2023132,Cc1c(-c2ccccc2)ccn(CC[C@](C)(C(=O)NO)S(C)(=O)=O)c1=O,8.17,active,group1,378.448,0.1223,-2.338,7,2,112.16,6.1693,0.64234,0.82887,8,1,6,331.15
CHEMBL2023133,Cc1cn(CC[C@](C)(C(=O)NO)S(C)(=O)=O)c(=O)cc1-c1ccccc1,7.52,intermediate,group2,378.448,0.1223,-2.338,7,2,112.16,5.0577,0.63331,0.82626,8,1,6,334.67
CHEMBL2023134,Cc1cc(-c2ccccc2)cc(=O)n1CC[C@](C)(C(=O)NO)S(C)(=O)=O,7.66,intermediate,group2,378.448,0.3512,-2.47,7,2,112.16,5.2873,0.63962,0.82405,8,1,6,334.52
CHEMBL2023135,C[C@@](CCn1ccc(-c2ccccc2)c(F)c1=O)(C(=O)NO)S(C)(=O)=O,8.31,active,group1,382.411,-0.1166,-2.727,7,2,112.16,-0.10626,0.64231,0.82887,9,1,6,324.97
CHEMBL2023136,C[C@@](CCn1cc(F)c(-c2ccccc2)cc1=O)(C(=O)NO)S(C)(=O)=O,8.64,active,group1,382.411,-0.1166,-2.727,7,2,112.16,3.5445,0.63331,0.82626,9,1,6,325.51
CHEMBL2023137,C[C@@](CCn1ccc(-c2ccccc2)nc1=O)(C(=O)NO)S(C)(=O)=O,7.24,intermediate,group2,365.409,-0.0857,-3.311,8,2,124.52,5.0234,0.64305,0.79818,9,1,6,318.94
CHEMBL2023138,C[C@@](CCn1cnc(-c2ccccc2)cc1=O)(C(=O)NO)S(C)(=O)=O,8.07,active,group1,365.409,-0.3525,-2.538,8,2,124.52,5.342,0.65195,0.79818,9,1,6,319.74
CHEMBL2023140,C[C@@](CCn1ccc(-c2ccccn2)cc1=O)(C(=O)NO)S(C)(=O)=O,7.22,intermediate,group2,365.409,-1.2648,-1.443,8,2,125.05,5.1362,0.64092,0.8218,9,1,6,316.33
CHEMBL2023142,C[C@@](CCn1ccc(-c2ccncc2)cc1=O)(C(=O)NO)S(C)(=O)=O,7.41,intermediate,group2,365.409,-1.3188,-1.419,8,2,125.05,4.5124,0.6491,0.79818,9,1,6,318.83
CHEMBL2023143,COc1ccc(-c2ccn(CC[C@](C)(C(=O)NO)S(C)(=O)=O)c(=O)c2)cn1,8.19,active,group1,395.435,-1.0374,-1.962,9,2,134.28,4.6417,0.64277,0.82973,10,1,7,347.08
CHEMBL2023384,CC(C)(C)c1ccn(CC[C@](C)(C(=O)NO)S(C)(=O)=O)c(=O)c1,7.16,intermediate,group2,344.431,0.1056,-1.988,7,2,112.16,1.6024,0.74917,0.78115,8,1,6,307.89
CHEMBL2023385,CC(CCn1ccc(C2CCCCC2)cc1=O)(C(=O)NO)S(C)(=O)=O,7.96,intermediate,group2,370.468,0.2112,-2.707,7,2,112.16,0.15252,0.65764,0.79818,8,1,6,330.33
CHEMBL2023386,C[C@@](CCn1ccc(C2=CCCCC2)cc1=O)(C(=O)NO)S(C)(=O)=O,8.39,active,group1,368.453,0.1067,-2.443,7,2,112.16,-1.4821,0.64135,0.8218,8,1,6,333.38
CHEMBL2023387,C[C@@](CCn1ccc(C#Cc2ccccc2)cc1=O)(C(=O)NO)S(C)(=O)=O,8.74,active,group1,388.443,0.5708,-3.308,7,2,112.16,-2.6252,0.58859,0.79105,8,1,6,352.4
CHEMBL2023388,C[C@@](CCn1ccc(/C=C/c2ccccc2)cc1=O)(C(=O)NO)S(C)(=O)=O,8.49,active,group1,390.459,0.6401,-2.921,7,2,112.16,3.5474,0.57423,0.79105,8,1,7,350.23
CHEMBL2023389,C[C@@](CCn1ccc(CCc2ccccc2)cc1=O)(C(=O)NO)S(C)(=O)=O,8.22,active,group1,392.475,0.7634,-2.786,7,2,112.16,3.7719,0.66984,0.79105,8,1,8,352.46
CHEMBL2023390,C[C@@](CCn1ccc(-c2ccccc2F)cc1=O)(C(=O)NO)S(C)(=O)=O,8.66,active,group1,382.411,-0.2171,-2.528,7,2,112.16,3.3525,0.64414,0.81951,9,1,6,328.86
CHEMBL2023391,C[C@@](CCn1ccc(-c2cccc(F)c2)cc1=O)(C(=O)NO)S(C)(=O)=O,8.52,active,group1,382.411,-0.2171,-2.528,7,2,112.16,1.9902,0.64583,0.81145,9,1,6,328.29
CHEMBL2023392,C[C@@](CCn1ccc(-c2ccc(F)cc2)cc1=O)(C(=O)NO)S(C)(=O)=O,8.54,active,group1,382.411,-0.2171,-2.528,7,2,112.16,4.3491,0.64583,0.80395,9,1,6,329.03
CHEMBL2023393,C[C@@](CCn1ccc(-c2c(F)cccc2F)cc1=O)(C(=O)NO)S(C)(=O)=O,8.32,active,group1,400.401,-0.1163,-2.842,7,2,112.16,1.7936,0.64323,0.82449,10,1,6,332.7
CHEMBL2023394,C[C@@](CCn1ccc(-c2cc(F)cc(F)c2)cc1=O)(C(=O)NO)S(C)(=O)=O,8.41,active,group1,400.401,-0.1163,-2.842,7,2,112.16,1.0267,0.64275,0.81435,10,1,6,333.28
CHEMBL2023395,C[C@@](CCn1ccc(-c2cc(F)ccc2F)cc1=O)(C(=O)NO)S(C)(=O)=O,8.36,active,group1,400.401,-0.1163,-2.842,7,2,112.16,1.9616,0.64087,0.83562,10,1,6,333.54
CHEMBL2023397,Cc1cc(C)cc(-c2ccn(CC[C@](C)(C(=O)NO)S(C)(=O)=O)c(=O)c2)c1,8.28,active,group1,392.475,0.3699,-2.902,7,2,112.16,0.64669,0.64275,0.81435,8,1,6,359.53
CHEMBL2023398,COc1ccccc1-c1ccn(CC[C@](C)(C(=O)NO)S(C)(=O)=O)c(=O)c1,7.92,intermediate,group2,394.447,-0.3879,-2.232,8,2,121.39,4.893,0.63618,0.83144,9,1,7,348.77
CHEMBL2023399,COc1cccc(-c2ccn(CC[C@](C)(C(=O)NO)S(C)(=O)=O)c(=O)c2)c1,8.43,active,group1,394.447,-0.3879,-2.232,8,2,121.39,4.5853,0.64889,0.81951,9,1,7,348.83
CHEMBL2023400,COc1ccc(-c2ccn(CC[C@](C)(C(=O)NO)S(C)(=O)=O)c(=O)c2)cc1,8.59,active,group1,394.447,-0.3879,-2.232,8,2,121.39,5.0999,0.64889,0.808,9,1,7,351.06
CHEMBL2023401,COc1cccc(-c2ccn(CC[C@](C)(C(=O)NO)S(C)(=O)=O)c(=O)c2)c1F,8.74,active,group1,412.437,-0.2871,-2.546,8,2,121.39,3.5242,0.63326,0.84746,10,1,7,354.96
CHEMBL2023402,COc1ccc(-c2ccn(CC[C@](C)(C(=O)NO)S(C)(=O)=O)c(=O)c2)c(F)c1,8.96,active,group1,412.437,-0.2871,-2.546,8,2,121.39,3.5193,0.64385,0.83479,10,1,7,356.78
CHEMBL2023403,COc1ccc(-c2ccn(CC[C@](C)(C(=O)NO)S(C)(=O)=O)c(=O)c2)cc1F,8.7,active,group1,412.437,-0.2871,-2.546,8,2,121.39,4.1661,0.63531,0.82757,10,1,7,355.2
CHEMBL2023515,C[C@@](CCn1ccc(-c2ccc(Cl)cc2F)cc1=O)(C(=O)NO)S(C)(=O)=O,9,potent,group1,416.856,0.3889,-3.264,7,2,112.16,3.6575,0.64087,0.8293,10,1,6,344.89
CHEMBL2023516,C[C@@](CCn1ccc(-c2ccc(F)c(F)c2F)cc1=O)(C(=O)NO)S(C)(=O)=O,8.82,active,group1,418.391,-0.0155,-3.156,7,2,112.16,3.3139,0.63779,0.85194,11,1,6,335.86
CHEMBL2023517,C[C@@](CCn1ccc(-c2ccc(Cl)c(F)c2F)cc1=O)(C(=O)NO)S(C)(=O)=O,9.28,potent,group1,434.846,0.4897,-3.578,7,2,112.16,3.3704,0.63779,0.85194,11,1,6,346.7
CHEMBL2023518,C[C@@](CCn1ccc(-c2ccc3ccccc3c2)cc1=O)(C(=O)NO)S(C)(=O)=O,8.92,active,group1,414.481,0.8765,-3.82,7,2,112.16,2.2388,0.57444,0.82801,8,1,6,365.94
CHEMBL2023519,C[C@@](CCn1ccc(-c2ccc(-c3ccccn3)cc2)cc1=O)(C(=O)NO)S(C)(=O)=O,8.89,active,group1,441.507,0.4314,-3.197,8,2,125.05,4.9729,0.57963,0.83807,9,1,7,392.78
CHEMBL2023520,C[C@@](CCn1ccc(-c2ccc(-c3ccncc3)cc2)cc1=O)(C(=O)NO)S(C)(=O)=O,8.92,active,group1,441.507,0.3404,-3.505,8,2,125.05,4.7657,0.58364,0.82405,9,1,7,392.05
CHEMBL2023521,COc1cnc(-c2ccc(-c3ccn(CC[C@](C)(C(=O)NO)S(C)(=O)=O)c(=O)c3)cc2)nc1,8.92,active,group1,472.521,-0.3081,-3.373,10,2,147.17,5.1417,0.58385,0.83229,11,1,8,416.47
CHEMBL2023522,C[C@@](CCn1ccc(-c2ccc(-c3nccs3)cc2)cc1=O)(C(=O)NO)S(C)(=O)=O,8.96,active,group1,447.535,0.3372,-2.541,8,2,153.29,5.5321,0.58732,0.83354,10,1,7,381.26
CHEMBL2023523,C[C@@](CCn1ccc(-c2ccc(-c3ccon3)cc2)cc1=O)(C(=O)NO)S(C)(=O)=O,8.96,active,group1,431.468,-0.1574,-3.089,9,2,138.19,5.6625,0.589,0.83354,10,1,7,374.84
CHEMBL2023524,C[C@@](CCn1ccc(-c2ccc(-n3nccn3)cc2)cc1=O)(C(=O)NO)S(C)(=O)=O,9.28,potent,group1,431.472,-1.081,-1.739,10,2,142.87,6.7306,0.58789,0.8218,11,1,7,372.35
CHEMBL213493,Clc1ccc(CCCn2ccnc2)cc1,3.9,inactive,group2,220.702,2.7109,-2.24,2,0,17.82,2.5126,0.58921,0.52337,3,0,4,232.02
CHEMBL2285864,Clc1ccc(OCCCn2ccnc2)cc1,3.84,inactive,group2,236.701,2.2877,-2.055,3,0,27.05,2.6285,0.55001,0.51966,4,0,5,238.19
CHEMBL242031,O=C(NC(CO)C(=O)NO)c1n[nH]c2ccccc12,4.89,inactive,group2,264.24,-1.5889,-1.64,8,5,127.34,6.149,0.4844,0.7473,8,1,4,251.34
CHEMBL260091,C[C@@H](O)[C@H](NC(=O)c1ccc(C#Cc2ccc(CN3CCOCC3)cc2)cc1)C(=O)NO,6.51,inactive,group2,437.494,1.2818,-2.537,8,4,111.13,-0.70721,0.47024,0.72768,8,2,7,426.28
CHEMBL318843,Cc1ccc(C2=NC(C(=O)NO)CS2)cc1,4.42,inactive,group2,236.294,1.331,-3.542,4,2,86.99,3.2415,0.42171,0.6621,5,1,2,235.5
CHEMBL319430,O=C(NO)C1CCOC(c2ccc(F)c(C(F)(F)F)c2)=N1,4.67,inactive,group2,306.214,0.9991,-3.449,5,2,70.92,-4.9111,0.47835,0.77436,9,1,3,249.48
CHEMBL319642,C=CCOc1ccc(C2=NC(C(=O)NO)CO2)cc1F,5.85,inactive,group2,280.254,0.414,-2.928,6,2,80.15,-8.8647,0.41257,0.77373,7,1,5,265.51
CHEMBL320155,CCCCn1nc2ccccc2c1C1=NC(C(=O)NO)CO1,4.92,inactive,group2,302.333,0.306,-2.924,7,2,88.74,-0.58807,0.41326,0.88809,7,1,5,292.79
CHEMBL320472,O=C(NO)C1COC(c2ccc(F)c(Br)c2)=N1,5.31,inactive,group2,303.087,0.534,-3.235,5,2,70.92,-5.3247,0.40233,0.74957,7,1,2,228.84
CHEMBL320500,CC(=O)c1ccc(C2=NC(C(=O)NO)CO2)cc1,4.75,inactive,group2,248.237,-0.4208,-2.771,6,2,87.99,-2.2702,0.45373,0.6909,6,1,3,241.63
CHEMBL320732,O=C(NO)C1COC(c2ccc(I)cc2)=N1,5.26,inactive,group2,332.092,0.1451,-3.103,5,2,70.92,-1.6635,0.39869,0.70285,6,1,2,231.06
CHEMBL320834,CCCCc1ccc(C2=NC(C(=O)NO)CO2)cc1,5.14,inactive,group2,262.308,1.3763,-3.13,5,2,70.92,-7.665,0.4902,0.68629,5,1,5,279.74
CHEMBL321062,Cc1ccc(C2=NC(C(=O)NO)CO2)cc1,4.7,inactive,group2,220.227,0.0519,-2.431,5,2,70.92,-2.2232,0.39869,0.66485,5,1,2,226.28
CHEMBL321146,CCOc1cc(C2=NC(C(=O)NO)CO2)ccc1F,6,inactive,group2,268.243,0.1451,-2.719,6,2,80.15,-4.9279,0.39089,0.76182,7,1,4,252.89
CHEMBL321460,O=C(NO)C1COC(c2ccc(C(F)(F)F)nc2)=N1,5,inactive,group2,275.186,-0.3906,-2.094,6,2,83.81,-9.3847,0.46712,0.76657,9,1,3,234.4
CHEMBL321590,O=C(NO)C1COC(c2ccc(F)c(C(F)(F)F)c2)=N1,5.89,inactive,group2,292.188,0.6571,-3.179,5,2,70.92,-9.3847,0.45967,0.76657,9,1,3,241.25
CHEMBL321807,O=C(NO)C1COC(c2ccc(OCc3ccccc3C(F)(F)F)c(F)c2)=N1,5.02,inactive,group2,398.311,2.0052,-4.52,6,2,80.15,-9.3847,0.39614,0.8153,10,1,6,338.18
CHEMBL321917,CCCc1cc(C2=NC(C(=O)NO)CO2)ccc1F,6.02,inactive,group2,266.271,1.0227,-3.174,5,2,70.92,-5.735,0.4546,0.76182,6,1,4,261.98
CHEMBL322102,O=C(NO)C1COC(c2ccc(OCc3cccc([N+](=O)[O-])c3)cc2)=N1,6,inactive,group2,357.321,0.1345,-3.888,9,2,125.97,-7.2413,0.47942,0.76657,9,1,6,329.24
CHEMBL322571,C=CCCOc1ccc(C2=NC(C(=O)NO)CS2)cc1,4.23,inactive,group2,292.358,2.0467,-3.995,5,2,96.22,0.085672,0.50748,0.68745,6,1,6,294.09
CHEMBL323209,O=C(NO)C1COC(c2ccc(F)cc2)=N1,5.22,inactive,group2,224.19,-0.1912,-2.401,5,2,70.92,-3.5347,0.39869,0.70285,6,1,2,212.81
CHEMBL324440,O=C(NO)C1COC(c2cc3cc(F)ccc3[nH]2)=N1,5.8,inactive,group2,263.227,-0.0978,-2.95,6,3,86.71,-2.6943,0.36783,0.81243,7,1,2,240.71
CHEMBL324666,CCCc1cc(C2=NC(C(=O)NO)CO2)cc(OC(F)(F)F)c1OC,6.3,inactive,group2,362.303,1.9509,-3.901,7,2,89.38,-12.287,0.4926,0.85194,10,1,7,317.27
CHEMBL324869,C=CCc1c(C)c(C2=NC(C(=O)NO)CO2)cc(F)c1OC,5.48,inactive,group2,308.308,1.1111,-3.475,6,2,80.15,-6.2107,0.45985,0.8584,7,1,5,291.47
CHEMBL325559,C=CCCOc1ccc(C2=NC(C(=O)NO)CO2)cc1OC(F)(F)F,6.46,inactive,group2,360.287,1.8666,-3.907,7,2,89.38,-13.131,0.46256,0.81859,10,1,8,314.36
CHEMBL3356186,O=C(NO)C1(CSc2ccc(Oc3ccc(Cl)cc3)cc2)CCOCC1,5.13,inactive,group2,393.89,3.3563,-6.093,5,2,93.09,-1.8321,0.63123,0.71194,7,0,6,350.88
CHEMBL3356187,O=C(NO)C1(COc2ccc(C#Cc3ccc(CN4CCOCC4)cc3)cc2)CCOCC1,5.36,inactive,group2,450.533,2.4927,-2.915,7,2,80.26,-2.6317,0.4757,0.73536,7,0,7,432.99
CHEMBL3356188,O=C(NO)C1(COc2ccc(-c3ccccc3)cc2)CCOCC1,5.06,inactive,group2,327.379,2.376,-4.384,5,2,67.79,-2.3215,0.53316,0.70285,5,0,5,314.33
CHEMBL3356189,O=C(NO)C1(COc2ccc(OCc3ccccc3)cc2)CCOCC1,4.85,inactive,group2,357.405,2.0649,-3.639,6,2,77.02,-2.3215,0.54614,0.69426,6,0,7,341.09
CHEMBL3356190,O=C(NO)C1(COc2ccc(Oc3ccccc3)cc2)CCOCC1,4.04,inactive,group2,343.378,2.1124,-4.595,6,2,77.02,-2.3215,0.57698,0.69754,6,0,6,322.36
CHEMBL3356191,O=C(NO)C1(COc2ccc(C#CC#Cc3ccccc3)cc2)CCOCC1,4.48,inactive,group2,375.423,3.4418,-5.52,5,2,67.79,-7.5215,0.43525,0.69315,5,0,5,371.41
CHEMBL3356193,CC(=O)N1CCN(Cc2ccc(C#Cc3ccc(OCC4(C(=O)NO)CCOCC4)cc3)cc2)CC1,5.52,inactive,group2,491.586,2.6588,-2.699,8,2,91.34,0.36192,0.4875,0.75255,8,0,7,472.41
CHEMBL3356194,CC(C)N1CCN(Cc2ccc(C#Cc3ccc(OCC4(C(=O)NO)CCOCC4)cc3)cc2)CC1,5.12,inactive,group2,491.63,3.3677,-3.095,7,2,74.27,-0.53681,0.48493,0.7473,7,0,8,473.55
CHEMBL3356195,O=C(NO)C1(COc2ccc(C#Cc3ccc(CN4CCN(CCN5CCOCC5)CC4)cc3)cc2)CCOCC1,5.57,inactive,group2,562.708,2.2709,-1.907,9,2,86.74,0.65416,0.49361,0.76251,9,0,10,548.17
CHEMBL3356196,C[C@H]1CN(Cc2ccc(C#Cc3ccc(OCC4(C(=O)NO)CCOCC4)cc3)cc2)C[C@@H](C)O1,5.58,inactive,group2,478.587,3.1421,-3.671,7,2,80.26,-2.9744,0.47295,0.75973,7,2,7,464.81
CHEMBL3356197,CN(C)CC1CN(Cc2ccc(C#Cc3ccc(OCC4(C(=O)NO)CCOCC4)cc3)cc2)CCO1,5.24,inactive,group2,507.629,2.1109,-2.416,8,2,83.5,-1.3356,0.49441,0.7679,8,1,9,492.3
CHEMBL3356581,COc1ccc(CNCc2ccc(C#Cc3ccc(OCC4(C(=O)NO)CCOCC4)cc3)cc2)cc1,5,inactive,group2,500.593,3.6053,-4.551,7,3,89.05,-5.3185,0.51762,0.74343,7,0,10,492.19
CHEMBL3356582,CN1CCN(Cc2ccc(C#Cc3ccc(OCC4(C(=O)NO)CCOCC4)cc3)cc2)CC1,5.21,inactive,group2,463.576,2.6021,-2.417,7,2,74.27,1.2135,0.47216,0.73945,7,0,7,452.66
CHEMBL3356583,O=C(NO)C1(COc2ccc(C#Cc3ccc(CN4CCN(CCn5ccnc5)CC4)cc3)cc2)CCOCC1,5.7,inactive,group2,543.666,2.2398,-1.832,9,2,92.09,0.39637,0.49136,0.76657,9,0,10,528.84
CHEMBL3356584,O=C(CN1CCN(Cc2ccc(C#Cc3ccc(OCC4(C(=O)NO)CCOCC4)cc3)cc2)CC1)N1CCOCC1,5.77,inactive,group2,576.692,1.9213,-1.889,10,2,103.81,1.1139,0.49948,0.77811,10,0,9,551.56
CHEMBL3356585,O=C(NO)C1(CSc2ccc(C#Cc3ccc(CN4CCOCC4)cc3)cc2)CCOCC1,6.7,inactive,group2,466.6,3.1306,-3.677,6,2,96.33,-2.3349,0.51181,0.72768,7,0,7,448.59
CHEMBL3356586,O=C(NO)C1(C[S+]([O-])c2ccc(C#Cc3ccc(CN4CCOCC4)cc3)cc2)CCOCC1,5.51,inactive,group2,482.599,2.159,-2.42,7,2,107.31,-4.0215,0.48501,0.75619,8,1,7,446.18
CHEMBL3356587,O=C(NO)C1(COc2ccc(C#Cc3ccc(CN4CCOCC4)cc3)cc2)CCC(O)CC1,4.08,inactive,group2,464.56,2.8046,-3.405,7,3,91.26,-1.2831,0.47931,0.75181,7,0,7,448.22
CHEMBL3356588,COC1CCC(COc2ccc(C#Cc3ccc(CN4CCOCC4)cc3)cc2)(C(=O)NO)CC1,5.07,inactive,group2,478.587,3.2325,-3.533,7,2,80.26,-1.585,0.48132,0.76043,7,0,8,464.58
CHEMBL3639384,Cc1nncn1-c1ccc(OCCOc2ccc(CCC(C)(C(=O)NO)S(C)(=O)=O)cc2)cc1,8.45,active,group1,488.563,1.3721,-5.47,10,2,141.02,-0.53539,0.59143,0.78935,11,1,11,447.12
CHEMBL3639460,CC(CCc1ccc(-c2ccc(O)cc2)c(F)c1)(C(=O)NO)S(C)(=O)=O,9.51,potent,group1,381.423,1.9657,-4.439,6,3,112.08,1.8535,0.61383,0.78295,8,1,6,334.62
CHEMBL3644542,Cc1cc(-c2ccccc2)ccc1CCC(C)(C(=O)NO)S(C)(=O)=O,8.78,active,group1,361.461,2.5545,-4.765,5,2,91.85,0.90321,0.59325,0.77872,6,1,6,334.49
CHEMBL3644543,CC(CCc1ccc(-c2ccccc2)cc1F)(C(=O)NO)S(C)(=O)=O,9.59,potent,group1,365.424,2.3114,-4.735,5,2,91.85,1.3332,0.59325,0.77872,7,1,6,324.36
CHEMBL3647071,CC(CCc1ccc(-c2ccc([N+](=O)[O-])cc2)cc1)(C(=O)NO)S(C)(=O)=O,9.92,potent,group1,392.431,1.289,-4.881,8,2,137.67,-12.852,0.62294,0.7679,9,1,7,345.46
CHEMBL3647073,CC(C)(CCc1ccc(-c2ccccc2)cc1)C(=O)NO,9.51,potent,group1,283.37,3.9805,-4.832,3,2,49.33,-0.57423,0.59592,0.62778,3,0,5,299
CHEMBL3647074,CC(CCc1ccc(-c2ccc(-c3cc(CO)no3)cc2)cc1)(C(=O)NO)S(C)(=O)=O,9.49,potent,group1,444.507,1.8278,-5.204,8,3,138.11,-1.1434,0.56829,0.81387,9,1,8,403.37
CHEMBL3647075,CC(CCc1ccc(Sc2ccccc2)cc1)(C(=O)NO)S(C)(=O)=O,7.92,intermediate,group2,379.5,2.3725,-4.121,5,2,117.15,1.4518,0.66336,0.74106,7,1,7,338.7
CHEMBL3647076,CC(CCc1ccc(C2=CCCCCC2)cc1)(C(=O)NO)S(C)(=O)=O,9.54,potent,group1,365.492,2.2656,-3.868,5,2,91.85,-2.7823,0.63406,0.77245,6,1,6,337.85
CHEMBL3647078,CC(CCc1ccc(OCc2ccccn2)cc1)(C(=O)NO)S(C)(=O)=O,8.3,active,group1,378.448,0.9526,-2.905,7,2,113.97,3.6677,0.61988,0.75107,8,1,8,346.87
CHEMBL3647079,CC(CCc1ccc(OCCC2CC2)cc1)(C(=O)NO)S(C)(=O)=O,8.87,active,group1,355.454,1.6602,-3.439,6,2,101.08,3.8033,0.65822,0.73114,7,1,9,337.76
CHEMBL3647080,COc1cc(CCC(C)(C(=O)NO)S(C)(=O)=O)ccc1-c1ccc(F)cc1,9.2,potent,group1,395.45,2.2414,-4.753,6,2,101.08,2.4129,0.60087,0.79818,8,1,7,351.94
CHEMBL3647081,CC(CCc1ccc(-c2ccc(F)cc2)cc1O)(C(=O)NO)S(C)(=O)=O,8.46,active,group1,381.423,1.9657,-4.439,6,3,112.08,2.0115,0.59033,0.78531,8,1,6,332.97
CHEMBL3647082,CC(CCc1ccc(-c2ccc(F)cc2)c(O)c1)(C(=O)NO)S(C)(=O)=O,7.81,intermediate,group2,381.423,1.9657,-4.439,6,3,112.08,2.2092,0.61383,0.78295,8,1,6,333.8
CHEMBL3647083,CC(CCc1ccc(-c2ccc(O)cc2)cc1)(C(=O)NO)S(C)(=O)=O,9.04,potent,group1,363.433,1.8649,-4.125,6,3,112.08,-2.4493,0.62007,0.75329,7,1,6,329.68
CHEMBL3647084,CC(CCc1ccc(COc2ccccc2)cc1)(C(=O)NO)S(C)(=O)=O,8.62,active,group1,377.46,1.8995,-3.676,6,2,101.08,1.5964,0.63281,0.73864,7,1,8,341.97
CHEMBL3647085,CC(CCc1ccc(-c2ccc(CCO)cc2)cc1)(C(=O)NO)S(C)(=O)=O,9.48,potent,group1,391.486,2.0434,-4.417,6,3,112.08,-5.9781,0.63703,0.76251,7,1,8,366.06
CHEMBL3647086,CC(CCc1ccc(-c2cc(F)ccc2F)cc1)(C(=O)NO)S(C)(=O)=O,9.12,potent,group1,383.414,2.4122,-5.049,5,2,91.85,-1.2744,0.61921,0.79273,8,1,6,331.2
CHEMBL3647087,CC(CCc1ccc(-c2cccc(F)c2)cc1)(C(=O)NO)S(C)(=O)=O,9.47,potent,group1,365.424,2.3114,-4.735,5,2,91.85,-1.2522,0.62007,0.76319,7,1,6,326.48
CHEMBL3647088,CC(CCc1ccc(-c2ccc(Cl)cc2)cc1)(C(=O)NO)S(C)(=O)=O,10.17,potent,group1,381.879,2.8166,-5.157,5,2,91.85,-1.9201,0.62007,0.75107,7,1,6,338.01
CHEMBL3647089,CC(CCc1ccc(-c2ccc(CCCO)cc2)cc1)(C(=O)NO)S(C)(=O)=O,9.88,potent,group1,405.513,2.4978,-4.687,6,3,112.08,-7.1681,0.64049,0.76523,7,1,9,383.35
CHEMBL3647090,CC(CCc1ccc(-c2ccccc2F)cc1)(C(=O)NO)S(C)(=O)=O,9.14,potent,group1,365.424,2.3114,-4.735,5,2,91.85,0.14276,0.62257,0.77117,7,1,6,326.56
CHEMBL3647091,CSc1cccc(-c2ccc(CCC(C)(C(=O)NO)S(C)(=O)=O)cc2)c1,9.38,potent,group1,393.527,2.6878,-5.269,5,2,117.15,1.3178,0.62998,0.77436,7,1,7,354.62
CHEMBL3647092,CC(CCc1ccc(-c2ccc3[nH]ccc3c2)cc1)(C(=O)NO)S(C)(=O)=O,9.53,potent,group1,386.471,2.25,-4.946,6,3,107.64,1.9697,0.56397,0.80899,7,1,6,351.04
CHEMBL3647093,CC(CCc1ccc(-c2cccc(Cl)c2Cl)cc1)(C(=O)NO)S(C)(=O)=O,9.67,potent,group1,416.324,3.4226,-5.893,5,2,91.85,1.7495,0.61921,0.78354,8,1,6,350.11
CHEMBL3647094,CC(CCc1ccc(-c2cccc(F)c2F)cc1)(C(=O)NO)S(C)(=O)=O,9.73,potent,group1,383.414,2.4122,-5.049,5,2,91.85,0.025116,0.61921,0.79548,8,1,6,331.43
CHEMBL3647095,CC(C)Cc1ccc(-c2ccc(CCC(C)(C(=O)NO)S(C)(=O)=O)cc2)cc1,9.45,potent,group1,403.541,3.6428,-5.354,5,2,91.85,-1.802,0.64011,0.76523,6,1,8,386.64
CHEMBL3647096,CC(CCc1ccc(-c2cccc(C#N)c2)cc1)(C(=O)NO)S(C)(=O)=O,9.13,potent,group1,372.444,2.0462,-5.194,6,2,115.64,-3.0214,0.61133,0.77436,7,1,6,339.85
CHEMBL3647097,CC(CCc1ccc(-c2ccsc2)cc1)(C(=O)NO)S(C)(=O)=O,9,potent,group1,353.462,1.995,-4.321,5,2,120.09,1.989,0.62666,0.76043,7,1,6,312.94
CHEMBL3647098,Cc1cccc(-c2ccc(CCC(C)(C(=O)NO)S(C)(=O)=O)cc2)c1C,9.35,potent,group1,375.487,2.8984,-5.109,5,2,91.85,1.5661,0.61921,0.79548,6,1,6,352.52
CHEMBL3647099,CC(CCc1ccc(-c2ccccc2Cl)cc1)(C(=O)NO)S(C)(=O)=O,9.35,potent,group1,381.879,2.8166,-5.157,5,2,91.85,1.8883,0.62257,0.7659,7,1,6,335.64
CHEMBL3647100,Cc1ccc(-c2ccc(CCC(C)(C(=O)NO)S(C)(=O)=O)cc2)cc1C,9.62,potent,group1,375.487,2.8984,-5.109,5,2,91.85,-1.2746,0.61644,0.77749,6,1,6,355.12
CHEMBL3647101,CC(CCc1ccc(-c2cccc(Cl)c2)cc1)(C(=O)NO)S(C)(=O)=O,9.44,potent,group1,381.879,2.8166,-5.157,5,2,91.85,1.3897,0.62007,0.76043,7,1,6,337.27
CHEMBL3647102,Cc1cc(C#N)ccc1-c1ccc(CCC(C)(C(=O)NO)S(C)(=O)=O)cc1,9.57,potent,group1,386.471,2.3901,-5.538,6,2,115.64,-4.5246,0.6111,0.79217,7,1,6,353.89
CHEMBL3647103,Cc1cc(F)ccc1-c1ccc(CCC(C)(C(=O)NO)S(C)(=O)=O)cc1,8.91,active,group1,379.451,2.6553,-5.079,5,2,91.85,-1.7144,0.61921,0.78472,7,1,6,341.85
CHEMBL3647104,CC(CCc1ccc(-c2ccc(F)c(Cl)c2)cc1)(C(=O)NO)S(C)(=O)=O,9.9,potent,group1,399.869,2.9174,-5.471,5,2,91.85,-0.92343,0.61644,0.77687,8,1,6,342.24
CHEMBL3647106,CC(=O)c1ccc(-c2ccc(CCC(C)(C(=O)NO)S(C)(=O)=O)cc2)cc1,9.75,potent,group1,389.471,2.0818,-5.105,6,2,108.92,-6.9827,0.62589,0.7679,7,1,7,358.29
CHEMBL3647107,Cc1cc(-c2ccc(CCC(C)(C(=O)NO)S(C)(=O)=O)cc2)ccc1C#N,9.84,potent,group1,386.471,2.3901,-5.538,6,2,115.64,-4.5246,0.60808,0.78531,7,1,6,354.88
CHEMBL3647108,CC(CCc1ccc(-c2ccc(OCCO)cc2)cc1)(C(=O)NO)S(C)(=O)=O,9.83,potent,group1,407.486,1.6202,-4.232,7,3,121.31,-2.0084,0.62876,0.76523,8,1,9,375.29
CHEMBL3647109,CC(CCc1ccc(-c2ccc(OCCCO)cc2)cc1)(C(=O)NO)S(C)(=O)=O,9.41,potent,group1,421.512,2.0746,-4.502,7,3,121.31,-3.8157,0.63101,0.76723,8,1,10,394.95
CHEMBL3647110,CC(CCc1ccc(-c2ccc(CO)c(F)c2)cc1)(C(=O)NO)S(C)(=O)=O,9.31,potent,group1,395.45,1.7141,-4.619,6,3,112.08,0.1854,0.62257,0.78531,8,1,7,349.59
CHEMBL3647111,CC(CCc1ccc(-c2ccc(C#N)c(Cl)c2)cc1)(C(=O)NO)S(C)(=O)=O,9.48,potent,group1,406.889,2.6522,-5.93,6,2,115.64,-2.5334,0.60808,0.78706,8,1,6,354.78
CHEMBL3647112,CC(CCc1ccc(-c2cc(F)c(C#N)c(F)c2)cc1)(C(=O)NO)S(C)(=O)=O,9.82,potent,group1,408.424,2.2478,-5.822,6,2,115.64,-4.1473,0.60502,0.79328,9,1,6,350.06
CHEMBL3647113,CC(CCc1ccc(-c2ccc(C#N)cc2F)cc1)(C(=O)NO)S(C)(=O)=O,9.63,potent,group1,390.434,2.147,-5.508,6,2,115.64,-4.0946,0.6111,0.79217,8,1,6,346.06
CHEMBL3647114,CC(=O)c1ccc(-c2ccc(CCC(C)(C(=O)NO)S(C)(=O)=O)cn2)cc1,9.01,potent,group1,390.459,1.1719,-4.002,7,2,121.81,-0.19885,0.61803,0.78878,8,1,7,351.89
CHEMBL3647115,CC(CCc1ccc(-c2ccc(OCCCCO)cc2)cc1)(C(=O)NO)S(C)(=O)=O,9.69,potent,group1,435.539,2.529,-4.772,7,3,121.31,-9.0757,0.62957,0.76856,8,1,11,410.52
CHEMBL3647116,CC(CCc1ccc(-c2ccc(O)c(F)c2)cc1)(C(=O)NO)S(C)(=O)=O,9.47,potent,group1,381.423,1.9657,-4.439,6,3,112.08,0.53521,0.61644,0.77749,8,1,6,334.19
CHEMBL3647117,Cc1cc(-c2ccc(F)cc2)ccc1CCC(C)(C(=O)NO)S(C)(=O)=O,9.47,potent,group1,379.451,2.6553,-5.079,5,2,91.85,0.083962,0.59033,0.78531,7,1,6,339.05
CHEMBL3647118,CC(C)(O)CCc1ccc(-c2ccc(CCC(C)(C(=O)NO)S(C)(=O)=O)cc2)cc1,9.19,potent,group1,433.567,3.2377,-5.174,6,3,112.08,-3.2394,0.64665,0.77309,7,1,9,412.55
CHEMBL3647119,Cc1cc(CCC(C)(C(=O)NO)S(C)(=O)=O)ccc1-c1ccccc1,8.25,active,group1,361.461,2.5545,-4.765,5,2,91.85,1.1101,0.61707,0.77562,6,1,6,336.37
CHEMBL3647120,Cc1cc(CCC(C)(C(=O)NO)S(C)(=O)=O)ccc1-c1ccc(F)cc1,8.6,active,group1,379.451,2.6553,-5.079,5,2,91.85,0.28402,0.61383,0.78295,7,1,6,341.85
CHEMBL3647121,Cc1cc(-c2ccc(C#N)cc2)ccc1CCC(C)(C(=O)NO)S(C)(=O)=O,9.14,potent,group1,386.471,2.3901,-5.538,6,2,115.64,-7.4835,0.58275,0.78992,7,1,6,355.92
CHEMBL3647122,Cc1cc(CCC(C)(C(=O)NO)S(C)(=O)=O)ccc1-c1ccc(C#N)cc1,9.62,potent,group1,386.471,2.3901,-5.538,6,2,115.64,-7.2773,0.60582,0.78763,7,1,6,358.76
CHEMBL3647123,CC(CCc1ccc(-c2ccc(N3CCOCC3)cc2)cc1)(C(=O)NO)S(C)(=O)=O,9.53,potent,group1,432.539,1.8796,-4.524,7,2,104.32,-3.8592,0.58349,0.78115,8,1,7,398.55
CHEMBL3647124,CN1CCN(c2ccc(-c3ccc(CCC(C)(C(=O)NO)S(C)(=O)=O)cc3)cc2)CC1,8.93,active,group1,445.582,1.989,-4.026,7,2,98.33,0.61873,0.57789,0.78472,8,1,7,419.77
CHEMBL3647125,CC(CCc1ccc(-c2ccc(F)cc2)c(F)c1)(C(=O)NO)S(C)(=O)=O,9.63,potent,group1,383.414,2.4122,-5.049,5,2,91.85,2.054,0.61383,0.78295,8,1,6,331.5
CHEMBL3647126,CC(CCc1ccc(-c2ccc(C#N)cc2)cc1F)(C(=O)NO)S(C)(=O)=O,9.37,potent,group1,390.434,2.147,-5.508,6,2,115.64,-7.0535,0.58275,0.78992,8,1,6,346.47
CHEMBL3647127,CC(CCc1ccc(-c2ccc(C(=O)CO)cc2)cc1)(C(=O)NO)S(C)(=O)=O,9.7,potent,group1,405.47,1.1551,-4.598,7,3,129.15,-4.8729,0.62145,0.77373,8,1,8,367.25
CHEMBL3647129,COc1cc(CCC(C)(C(=O)NO)S(C)(=O)=O)ccc1-c1ccccc1,7.84,intermediate,group2,377.46,2.1406,-4.439,6,2,101.08,3.2596,0.60362,0.79161,7,1,7,346.71
CHEMBL3647131,CC(CCc1ccc(-c2ccc3c(c2)CNC3)cc1)(C(=O)NO)S(C)(=O)=O,8.57,active,group1,388.487,0.9509,-4.534,6,3,103.88,2.013,0.56397,0.80899,7,1,6,350.93
CHEMBL3647132,CC(CCc1ccc(-c2ccc3nonc3c2)cc1)(C(=O)NO)S(C)(=O)=O,9.27,potent,group1,389.431,2.1613,-4.06,8,2,130.77,2.9454,0.55129,0.83186,9,1,6,336.3
CHEMBL3647134,CC(CCc1ccc(-c2ccc3c(c2)OCO3)cc1)(C(=O)NO)S(C)(=O)=O,10.52,potent,group1,391.443,2.322,-5.132,7,2,110.31,1.6829,0.56397,0.80899,8,1,6,344.29
CHEMBL3647135,CC(CCc1ccc(-c2ccc(O)cc2)cc1F)(C(=O)NO)S(C)(=O)=O,10.23,potent,group1,381.423,1.9657,-4.439,6,3,112.08,1.6515,0.59033,0.78531,8,1,6,332.83
CHEMBL3647137,CC(=O)c1cc(-c2ccc(CCC(C)(C(=O)NO)S(C)(=O)=O)cc2)ccc1O,9.08,potent,group1,405.47,1.7361,-4.809,7,3,129.15,1.9198,0.62311,0.8085,8,1,7,365.94
CHEMBL3647138,CC(=O)c1ccc(-c2ccc(CCC(C)(C(=O)NO)S(C)(=O)=O)cc2)cc1O,9.86,potent,group1,405.47,1.7361,-4.809,7,3,129.15,1.6146,0.62311,0.7971,8,1,7,364.95
CHEMBL3647139,CC(CCc1ccc(-c2ccc(C(=O)CO)cc2)cc1F)(C(=O)NO)S(C)(=O)=O,9.41,potent,group1,423.46,1.2559,-4.912,7,3,129.15,0.77673,0.59561,0.80188,9,1,8,370.04
CHEMBL3647140,CC(=O)c1ccc(-c2ccc(CCC(C)(C(=O)NO)S(C)(=O)=O)cc2)cc1F,9.81,potent,group1,407.461,2.1826,-5.419,6,2,108.92,-0.06746,0.62311,0.7971,8,1,7,359.7
CHEMBL3647141,CC(CCc1ccc(-c2ccc(N3CCNCC3)cc2)cc1)(C(=O)NO)S(C)(=O)=O,8.21,active,group1,431.555,1.7361,-4.388,7,3,107.12,-2.4109,0.58239,0.78115,8,1,7,402.86
CHEMBL3647142,CC(=O)c1ccc(-c2ccc(CCC(C)(C(=O)NO)S(C)(=O)=O)c(F)c2)nc1,9.2,potent,group1,408.449,1.2727,-4.316,7,2,121.81,1.1489,0.59074,0.82844,9,1,7,352.72
CHEMBL3647143,CC(=O)c1ccc(-c2ccc(CCC(C)(C(=O)NO)S(C)(=O)=O)c(F)c2)cn1,9.46,potent,group1,408.449,1.2357,-4.648,7,2,121.81,1.1489,0.57845,0.82315,9,1,7,356.47
CHEMBL3647148,CC(CCc1ccc(-c2ccc(N3CCN(S(C)(=O)=O)CC3)cc2)cc1)(C(=O)NO)S(C)(=O)=O,8.97,active,group1,509.646,1.6076,-4.728,9,2,140.85,-0.80483,0.60002,0.8003,11,1,7,449.94
CHEMBL3647149,CC(CCc1ccc(-c2ccc3ncccc3c2)c(F)c1)(C(=O)NO)S(C)(=O)=O,9.13,potent,group1,416.472,2.6274,-5.441,6,2,104.74,1.5753,0.54488,0.82582,8,1,6,366.11
CHEMBL3647150,CC(CCc1ccc(-c2ccc3c(c2)C(=O)NC3)cc1F)(C(=O)NO)S(C)(=O)=O,9.2,potent,group1,420.46,1.2221,-4.977,7,3,120.95,2.7375,0.53429,0.85194,9,1,6,358.45
CHEMBL3647151,CC(CCc1ccc(-c2cccnc2)c(F)c1)(C(=O)NO)S(C)(=O)=O,8.15,active,group1,366.412,1.3105,-3.94,6,2,104.74,2.091,0.61707,0.79548,8,1,6,322.44
CHEMBL3647154,CC(CCc1ccc(-c2cnc3ccccc3c2)cc1F)(C(=O)NO)S(C)(=O)=O,9.33,potent,group1,416.472,2.6274,-5.441,6,2,104.74,1.2798,0.52397,0.83603,8,1,6,364.22
CHEMBL3647157,CC(CCc1ccc(-c2ccc3c(c2)C(=O)NC3)c(F)c1)(C(=O)NO)S(C)(=O)=O,9.18,potent,group1,420.46,1.2221,-4.977,7,3,120.95,2.9268,0.55552,0.85231,9,1,6,360.36
CHEMBL3647160,CC(CCc1ccc(-c2ccc(N)nc2)c(F)c1)(C(=O)NO)S(C)(=O)=O,7.63,intermediate,group2,381.427,0.9846,-4.541,7,3,130.76,1.4831,0.61383,0.8075,9,1,6,335.56
CHEMBL3647161,CC(=O)Nc1ccc(-c2ccc(CCC(C)(C(=O)NO)S(C)(=O)=O)cc2F)cc1,8.15,active,group1,422.476,2.0151,-5.077,7,3,120.95,3.3913,0.61774,0.79548,9,1,7,377.87
CHEMBL3647163,CC(CCc1ccc(-c2ccc(NS(C)(=O)=O)cc2)c(F)c1)(C(=O)NO)S(C)(=O)=O,8.69,active,group1,458.53,1.3601,-5.822,8,3,146.4,3.6444,0.63551,0.8024,11,1,7,385.13
CHEMBL3647167,COc1ccc(-c2ccc(CCC(C)(C(=O)NO)S(C)(=O)=O)cc2F)cn1,9.29,potent,group1,396.438,1.5919,-4.483,7,2,113.97,1.5642,0.61125,0.81435,9,1,7,349.76
CHEMBL3647171,COc1ccc(-c2ccc(CCC(C)(C(=O)NO)S(C)(=O)=O)cn2)c(F)c1,8.92,active,group1,396.438,1.3315,-3.65,7,2,113.97,1.4178,0.61834,0.81096,9,1,7,348.8
CHEMBL3647176,CC(CCc1ccc(C2=CCCCC2)cc1)(C(=O)NO)S(C)(=O)=O,9.36,potent,group1,351.466,1.9236,-3.598,5,2,91.85,-2.7823,0.64454,0.7679,6,1,6,331.27
CHEMBL3647177,CC(CCc1ccc(C2=CCOCC2)cc1)(C(=O)NO)S(C)(=O)=O,8.73,active,group1,353.438,0.7596,-2.709,6,2,101.08,-1.0532,0.64834,0.7679,7,1,6,324.31
CHEMBL3647178,CC(CCc1ccc(C2=CCSCC2)cc1)(C(=O)NO)S(C)(=O)=O,9.49,potent,group1,369.505,1.1665,-3.395,5,2,117.15,2.5602,0.648,0.7679,7,1,6,328.76
CHEMBL3647179,CC(CCc1ccc(C2=CCCC2)cc1)(C(=O)NO)S(C)(=O)=O,7.94,intermediate,group2,337.439,1.5816,-3.328,5,2,91.85,-0.45226,0.63865,0.76043,6,1,6,314.3
CHEMBL3647180,CC(CCc1ccc(COc2ccc(F)cc2)cc1)(C(=O)NO)S(C)(=O)=O,8.48,active,group1,395.45,2.0003,-3.99,6,2,101.08,0.4636,0.63113,0.74421,8,1,8,356.04
CHEMBL3647181,CC(CCc1ccc(COc2cccc(F)c2)cc1)(C(=O)NO)S(C)(=O)=O,8.49,active,group1,395.45,2.0003,-3.99,6,2,101.08,-1.3261,0.63113,0.75032,8,1,8,357.23
CHEMBL3647182,CC(O)C(=O)c1ccc(-c2ccc(CCC(C)(C(=O)NO)S(C)(=O)=O)cc2)cc1,9.71,potent,group1,419.497,1.5144,-4.976,7,3,129.15,-6.1439,0.63371,0.77117,8,2,8,380.77
CHEMBL3647183,CC(CCc1ccc(OC2CCCCC2)cc1)(C(=O)NO)S(C)(=O)=O,9.12,potent,group1,369.48,2.0371,-3.927,6,2,101.08,-0.32701,0.61762,0.74106,7,1,7,343.73
CHEMBL3647184,CCC(CC)COc1ccc(CCC(C)(C(=O)NO)S(C)(=O)=O)cc1,8.89,active,group1,371.496,2.4692,-3.623,6,2,101.08,3.663,0.7157,0.73199,7,1,10,353.25
CHEMBL3647185,CCC(c1ccccc1)c1noc(COc2ccc(CCC(C)(C(=O)NO)S(C)(=O)=O)cc2)n1,7.69,intermediate,group2,487.575,2.7066,-3.64,9,2,140,5.6269,0.54901,0.80395,10,2,11,441.38
CHEMBL3647186,CC(CCc1ccc(OCc2nc(-c3cccc(F)c3)no2)cc1)(C(=O)NO)S(C)(=O)=O,8.42,active,group1,463.485,1.8194,-4.893,9,2,140,2.129,0.54367,0.80343,11,1,9,404.92
CHEMBL3647187,CC(CCc1ccc(Oc2ccccc2F)cc1)(C(=O)NO)S(C)(=O)=O,9.18,potent,group1,381.423,2.0478,-4.946,6,2,101.08,2.1609,0.6487,0.76113,8,1,7,334.86
CHEMBL3647188,CC(CCc1ccc(OCCCOCc2ccccc2)cc1)(C(=O)NO)S(C)(=O)=O,7.68,intermediate,group2,435.539,2.2614,-3.867,7,2,110.31,-7.5952,0.64243,0.73945,8,1,12,415.28
CHEMBL3647189,COc1cc(OC)cc(Oc2ccc(CCC(C)(C(=O)NO)S(C)(=O)=O)cc2)c1,8.3,active,group1,423.485,1.807,-4.668,8,2,119.54,-5.5546,0.67805,0.77436,9,1,9,385.07
CHEMBL3647190,Cc1ncccc1COc1ccc(CCC(C)(C(=O)NO)S(C)(=O)=O)cc1,8.25,active,group1,392.475,1.2965,-3.249,7,2,113.97,3.5857,0.6138,0.76319,8,1,8,362.23
CHEMBL3647191,CC(CCc1ccc(OCC2CC2)cc1)(C(=O)NO)S(C)(=O)=O,7.98,intermediate,group2,341.427,1.2058,-3.169,6,2,101.08,4.0284,0.64939,0.73114,7,1,8,320.17
CHEMBL3647192,CC(CCc1ccc(Oc2cccc(F)c2F)cc1)(C(=O)NO)S(C)(=O)=O,9.49,potent,group1,399.413,2.1486,-5.26,6,2,101.08,2.1739,0.64844,0.78115,9,1,7,340.25
CHEMBL3647193,CC(CCc1ccc(OCCOc2ccccc2)cc1)(C(=O)NO)S(C)(=O)=O,8.82,active,group1,407.486,1.9064,-3.603,7,2,110.31,-2.9797,0.62381,0.73783,8,1,10,378.16
CHEMBL3647194,CC(CCc1ccc(OCc2ccc(F)cc2C(F)(F)F)cc1)(C(=O)NO)S(C)(=O)=O,8.63,active,group1,463.447,2.8486,-4.768,6,2,101.08,-3.477,0.62284,0.79273,11,1,9,380.39
CHEMBL3647195,CC(CCc1ccc(OCc2cccc(Cl)c2)cc1)(C(=O)NO)S(C)(=O)=O,8.88,active,group1,411.905,2.5055,-4.412,6,2,101.08,3.5578,0.62539,0.74882,8,1,8,367.31
CHEMBL3647196,CC1=C(COc2ccc(CCC(C)(C(=O)NO)S(C)(=O)=O)cc2)NC(c2ccccc2F)O1,7.67,intermediate,group2,478.539,1.9617,-4.618,8,3,122.34,0.9725,0.55499,0.82315,10,2,9,421.74
CHEMBL3647197,CCCCCCOc1ccc(CCC(C)(C(=O)NO)S(C)(=O)=O)cc1,8.2,active,group1,371.496,2.7053,-3.733,6,2,101.08,-7.9199,0.68762,0.72942,7,1,11,368.55
CHEMBL3647198,CC(CCc1ccc(OCc2nc(-c3cccc(F)c3F)no2)cc1)(C(=O)NO)S(C)(=O)=O,8.28,active,group1,481.475,1.9202,-5.207,9,2,140,3.3987,0.54693,0.83102,12,1,9,405.55
CHEMBL3647199,Cc1ccc(C)c(COc2ccc(CCC(C)(C(=O)NO)S(C)(=O)=O)cc2)c1,8.37,active,group1,405.513,2.5873,-4.364,6,2,101.08,1.4566,0.61135,0.77181,7,1,8,377.72
CHEMBL3647200,CC(CCc1ccc(OCc2nc(-c3cc(F)cc(F)c3)no2)cc1)(C(=O)NO)S(C)(=O)=O,8.24,active,group1,481.475,1.9202,-5.207,9,2,140,1.1465,0.54302,0.80649,12,1,9,409.88
CHEMBL3647201,CC(CCc1ccc(OCc2nc(Cc3cc(F)ccc3F)no2)cc1)(C(=O)NO)S(C)(=O)=O,9.15,potent,group1,495.502,1.9826,-4.057,9,2,140,2.2524,0.57577,0.81387,12,1,10,426.34
CHEMBL3647202,Cc1cc(C)cc(COc2ccc(CCC(C)(C(=O)NO)S(C)(=O)=O)cc2)c1,8.35,active,group1,405.513,2.5873,-4.364,6,2,101.08,-0.44453,0.62408,0.75474,7,1,8,380.29
CHEMBL3647203,CC(CCc1ccc(OCc2nc(-c3c(F)cccc3F)no2)cc1)(C(=O)NO)S(C)(=O)=O,9.22,potent,group1,481.475,1.9202,-5.207,9,2,140,1.9287,0.55418,0.81719,12,1,9,408.67
CHEMBL3647204,COc1ccc(F)c(-c2noc(COc3ccc(CCC(C)(C(=O)NO)S(C)(=O)=O)cc3)n2)c1,8.19,active,group1,493.511,1.7494,-4.911,10,2,149.23,2.3673,0.55142,0.83807,12,1,10,428.78
CHEMBL3647205,Cc1ccccc1COc1ccc(CCC(C)(C(=O)NO)S(C)(=O)=O)cc1,8.84,active,group1,391.486,2.2434,-4.02,6,2,101.08,3.5015,0.6138,0.75474,7,1,8,365.25
CHEMBL3647206,CC(CCc1ccc(OCCC2CCOCC2)cc1)(C(=O)NO)S(C)(=O)=O,8.31,active,group1,399.506,1.5222,-3.36,7,2,110.31,0.09783,0.63687,0.73783,8,1,9,370.66
CHEMBL3647207,Cc1cccc(COc2ccc(CCC(C)(C(=O)NO)S(C)(=O)=O)cc2)c1F,9.28,potent,group1,409.477,2.3442,-4.334,6,2,101.08,2.3785,0.61135,0.77309,8,1,8,367.36
CHEMBL3647208,Cc1ccc(COc2ccc(CCC(C)(C(=O)NO)S(C)(=O)=O)cc2)cc1,8.99,active,group1,391.486,2.2434,-4.02,6,2,101.08,2.0565,0.62539,0.74421,7,1,8,369.52
CHEMBL3647209,CC(CCc1ccc(OCCCOc2ccccc2)cc1)(C(=O)NO)S(C)(=O)=O,7.37,intermediate,group2,421.512,2.3608,-3.873,7,2,110.31,3.8007,0.62518,0.73864,8,1,11,393.83
CHEMBL3647210,CC(C)Oc1ccc(CCC(C)(C(=O)NO)S(C)(=O)=O)cc1,6.98,inactive,group2,329.416,1.247,-3.031,6,2,101.08,3.0626,0.69758,0.72413,7,1,7,307.58
CHEMBL3647211,CC(CCc1ccc(OCC2CCC2)cc1)(C(=O)NO)S(C)(=O)=O,8.48,active,group1,355.454,1.5478,-3.439,6,2,101.08,3.7932,0.64873,0.73369,7,1,8,334.88
CHEMBL3647212,CC(C)CCCOc1ccc(CCC(C)(C(=O)NO)S(C)(=O)=O)cc1,8.49,active,group1,371.496,2.4692,-3.623,6,2,101.08,0.5999,0.70019,0.72942,7,1,10,361.6
CHEMBL3647213,CC(CCc1ccc(OCc2cccc(F)c2)cc1)(C(=O)NO)S(C)(=O)=O,9.08,potent,group1,395.45,2.0003,-3.99,6,2,101.08,0.91583,0.62539,0.75032,8,1,8,354.12
CHEMBL3647214,Cc1ccc(-c2noc(COc3ccc(CCC(C)(C(=O)NO)S(C)(=O)=O)cc3)n2)cc1,8.46,active,group1,459.522,2.0625,-4.923,9,2,140,3.3611,0.54367,0.79548,10,1,9,418.98
CHEMBL3647215,Cc1ccc(COc2ccc(CCC(C)(C(=O)NO)S(C)(=O)=O)cc2)cn1,8.22,active,group1,392.475,1.2965,-3.249,7,2,113.97,3.4855,0.62539,0.75761,8,1,8,361.63
CHEMBL3647216,CC(CCc1ccc(OCCc2ccccc2)cc1)(C(=O)NO)S(C)(=O)=O,8.39,active,group1,391.486,2.3296,-3.788,6,2,101.08,1.9941,0.63817,0.73783,7,1,9,368.19
CHEMBL3647217,CC(C)CCc1noc(COc2ccc(CCC(C)(C(=O)NO)S(C)(=O)=O)cc2)n1,8.81,active,group1,439.531,1.8517,-2.921,9,2,140,4.6837,0.62707,0.77309,10,1,11,413.66
CHEMBL3647218,CC(CCc1ccc(OCc2nc(C3CCCC3)no2)cc1)(C(=O)NO)S(C)(=O)=O,8.14,active,group1,437.515,1.7599,-3.215,9,2,140,3.111,0.54977,0.78648,10,1,9,400.65
CHEMBL3647219,CC(CCc1ccc(OCc2cccc(OC(F)(F)F)c2)cc1)(C(=O)NO)S(C)(=O)=O,8.57,active,group1,461.456,2.9985,-4.699,7,2,110.31,-4.4326,0.65386,0.77052,11,1,10,389.41
CHEMBL3647220,CC(CCc1ccc(OCc2cc(C#N)ccc2F)cc1)(C(=O)NO)S(C)(=O)=O,8.87,active,group1,420.46,1.8359,-4.763,7,2,124.87,-3.2686,0.60509,0.78295,9,1,8,372.81
CHEMBL3647221,CC(CCc1ccc(OCc2nc3ccccc3s2)cc1)(C(=O)NO)S(C)(=O)=O,9.19,potent,group1,434.536,1.9067,-3.94,7,2,142.21,4.7193,0.51904,0.79438,9,1,8,383.4
CHEMBL3647222,CC1=C(COc2ccc(CCC(C)(C(=O)NO)S(C)(=O)=O)cc2)NC(c2cccc(C)c2)O1,7.98,intermediate,group2,474.576,2.2048,-4.648,8,3,122.34,2.1009,0.55499,0.81339,9,2,9,434.54
CHEMBL3647223,CC(CCc1ccc(OCc2ccc3ccccc3n2)cc1)(C(=O)NO)S(C)(=O)=O,7.86,intermediate,group2,428.508,2.2695,-4.406,7,2,113.97,3.508,0.55887,0.79493,8,1,8,390.36
CHEMBL3647224,CC(CCc1ccc(OCc2cc(C(F)(F)F)ccc2F)cc1)(C(=O)NO)S(C)(=O)=O,7.86,intermediate,group2,463.447,2.8486,-4.768,6,2,101.08,-4.5213,0.62404,0.79161,11,1,9,383.15
CHEMBL3647225,CC(CCc1ccccc1OCCC1CCOCC1)(C(=O)NO)S(C)(=O)=O,8.17,active,group1,399.506,1.5222,-3.36,7,2,110.31,0.19612,0.57573,0.76856,8,1,9,360.86
CHEMBL3647226,CC(Oc1ccc(CCC(C)(C(=O)NO)S(C)(=O)=O)cc1)c1ccccc1,8.02,active,group1,391.486,2.1862,-3.747,6,2,101.08,4.2085,0.63316,0.73783,7,2,8,356.24
CHEMBL3647227,Cc1ccc(Cc2noc(COc3ccc(CCC(C)(C(=O)NO)S(C)(=O)=O)cc3)n2)cc1,8.2,active,group1,473.548,2.1249,-3.773,9,2,140,3.5199,0.58126,0.78878,10,1,10,434.27
CHEMBL3647228,CC(CCc1ccc(OCc2cc(F)ccc2C#N)cc1)(C(=O)NO)S(C)(=O)=O,8.27,active,group1,420.46,1.8359,-4.763,7,2,124.87,-2.0634,0.60509,0.78531,9,1,8,370.71
CHEMBL3647229,CC(CCc1ccc(OCc2ccccc2C#N)cc1)(C(=O)NO)S(C)(=O)=O,8,active,group1,402.47,1.7351,-4.449,7,2,124.87,-0.86105,0.60716,0.76657,8,1,8,370.6
CHEMBL3647230,Cc1ccc(OCc2noc(COc3ccc(CCC(C)(C(=O)NO)S(C)(=O)=O)cc3)n2)cc1,7.92,intermediate,group2,489.547,1.6571,-3.403,10,2,149.23,3.3765,0.5438,0.78589,11,1,11,448.72
CHEMBL3647231,Cc1cccnc1COc1ccc(CCC(C)(C(=O)NO)S(C)(=O)=O)cc1,8.5,active,group1,392.475,1.2965,-3.249,7,2,113.97,3.5857,0.6044,0.7659,8,1,8,358.59
CHEMBL3647232,CC(CCc1ccc(OCc2ccc(OC(F)(F)F)cc2)cc1)(C(=O)NO)S(C)(=O)=O,8.81,active,group1,461.456,2.9985,-4.699,7,2,110.31,-7.7171,0.65386,0.75832,11,1,10,388.37
CHEMBL3647233,Cc1cccc(Cc2noc(COc3ccc(CCC(C)(C(=O)NO)S(C)(=O)=O)cc3)n2)c1,7.98,intermediate,group2,473.548,2.1249,-3.773,9,2,140,4.8059,0.58126,0.79438,10,1,10,436.23
CHEMBL3647234,Cc1ccc(F)c(-c2noc(COc3ccc(CCC(C)(C(=O)NO)S(C)(=O)=O)cc3)n2)c1,8.03,active,group1,477.512,2.1633,-5.237,9,2,140,1.0243,0.54693,0.82887,11,1,9,418.72
CHEMBL3647235,CC(C)CCOc1ccc(CCC(C)(C(=O)NO)S(C)(=O)=O)cc1,8.96,active,group1,357.469,2.0148,-3.353,6,2,101.08,3.4805,0.71052,0.72855,7,1,9,342.97
CHEMBL3647236,CC(CCc1ccc(OCc2c(F)cc(F)cc2F)cc1)(C(=O)NO)S(C)(=O)=O,9.02,potent,group1,431.43,2.2019,-4.618,6,2,101.08,2.211,0.60629,0.77373,10,1,8,362.36
CHEMBL3647237,CC(CCc1ccc(OCc2ccc(F)cc2F)cc1)(C(=O)NO)S(C)(=O)=O,9,potent,group1,413.44,2.1011,-4.304,6,2,101.08,2.2166,0.61135,0.76657,9,1,8,358.84
CHEMBL3647238,CCCCCc1noc(COc2ccc(CCC(C)(C(=O)NO)S(C)(=O)=O)cc2)n1,7.9,intermediate,group2,439.531,2.0878,-3.031,9,2,140,-3.8376,0.61846,0.77309,10,1,12,417.78
CHEMBL3647239,CC(CCc1ccc(OCc2cccc3cccnc23)cc1)(C(=O)NO)S(C)(=O)=O,7.8,intermediate,group2,428.508,2.2155,-4.382,7,2,113.97,3.6292,0.55431,0.808,8,1,8,383.19
CHEMBL3647240,CC(CCc1ccc(OCc2nc(-c3cccc(Cl)c3)no2)cc1)(C(=O)NO)S(C)(=O)=O,8.78,active,group1,479.94,2.3246,-5.315,9,2,140,4.7675,0.54367,0.81483,11,1,9,415.8
CHEMBL3647241,CC(C)c1ccc(-c2noc(COc3ccc(CCC(C)(C(=O)NO)S(C)(=O)=O)cc3)n2)cc1,8.41,active,group1,487.575,2.9056,-5.45,9,2,140,2.4025,0.55297,0.8024,10,1,10,448.94
CHEMBL3647242,CC(CCc1ccc(OCc2nc(C3CCC3)no2)cc1)(C(=O)NO)S(C)(=O)=O,8.12,active,group1,423.489,1.4179,-2.945,9,2,140,4.8718,0.56087,0.78175,10,1,9,386.86
CHEMBL3647243,CC(CCc1ccc(OCc2ccc(C(F)(F)F)cc2)cc1)(C(=O)NO)S(C)(=O)=O,8.68,active,group1,445.457,2.7478,-4.454,6,2,101.08,-3.8654,0.64053,0.75619,10,1,9,382.87
CHEMBL3647244,Cc1oc(-c2cccc(F)c2)nc1COc1ccc(CCC(C)(C(=O)NO)S(C)(=O)=O)cc1,7.9,intermediate,group2,476.524,2.6676,-5.976,8,2,127.11,-1.5774,0.56756,0.8227,10,1,9,425.26
CHEMBL3647245,CC(CCc1ccc(OCc2cccnc2)cc1)(C(=O)NO)S(C)(=O)=O,8.34,active,group1,378.448,0.8986,-2.881,7,2,113.97,4.0564,0.62682,0.74806,8,1,8,346.45
CHEMBL3647246,CC(CCc1ccc(OCc2ccccc2-n2cccn2)cc1)(C(=O)NO)S(C)(=O)=O,8.7,active,group1,443.523,1.0683,-3.411,8,2,118.9,6.4054,0.57504,0.82134,9,1,9,397.18
CHEMBL3647247,CC(CCc1ccc(OCc2nc(-c3cccnc3)no2)cc1)(C(=O)NO)S(C)(=O)=O,8.12,active,group1,446.483,0.7177,-3.784,10,2,152.89,5.2285,0.54438,0.80599,11,1,9,396.6
CHEMBL3647248,CCc1ccccc1COc1ccc(CCC(C)(C(=O)NO)S(C)(=O)=O)cc1,9.09,potent,group1,405.513,2.659,-4.179,6,2,101.08,3.3232,0.61891,0.76657,7,1,9,380.15
CHEMBL3647249,CC(CCc1ccc(OCc2ccc(Cl)cc2F)cc1)(C(=O)NO)S(C)(=O)=O,9.41,potent,group1,429.895,2.6063,-4.726,6,2,101.08,2.611,0.61135,0.76182,9,1,8,370.71
CHEMBL3647250,CC(CCc1ccc(OCc2nc(-c3ccccc3)no2)cc1)(C(=O)NO)S(C)(=O)=O,8.59,active,group1,445.495,1.7186,-4.579,9,2,140,5.125,0.54438,0.78935,10,1,9,400.51
CHEMBL3647251,CC(CCc1ccc(OCc2ccc(S(C)(=O)=O)cc2)cc1)(C(=O)NO)S(C)(=O)=O,8.92,active,group1,455.551,0.9015,-4.093,8,2,143.6,3.814,0.63436,0.76455,10,1,9,402.12
CHEMBL3647252,Cc1cccc(COc2ccc(CCC(C)(C(=O)NO)S(C)(=O)=O)cc2)c1,9.05,potent,group1,391.486,2.2434,-4.02,6,2,101.08,3.4273,0.62539,0.75032,7,1,8,369.37
CHEMBL3647253,CC(CCc1ccc(OCCc2ccncc2)cc1)(C(=O)NO)S(C)(=O)=O,7.86,intermediate,group2,392.475,1.3287,-2.993,7,2,113.97,1.8856,0.63817,0.73783,8,1,9,363.66
CHEMBL3647254,CC(CCc1ccc(OCCC2CCCC2)cc1)(C(=O)NO)S(C)(=O)=O,8.9,active,group1,383.507,2.3442,-3.979,6,2,101.08,2.0308,0.63548,0.73536,7,1,9,364.05
CHEMBL3647255,CC(CCc1ccc(OCCCC2CCCC2)cc1)(C(=O)NO)S(C)(=O)=O,8.59,active,group1,397.534,2.7986,-4.249,6,2,101.08,-0.56919,0.62746,0.73536,7,1,10,384.35
CHEMBL3647256,CC(CCc1ccc(OCCC2CCCCC2)cc1)(C(=O)NO)S(C)(=O)=O,8.55,active,group1,397.534,2.6862,-4.249,6,2,101.08,-0.61845,0.63469,0.73783,7,1,9,377.74
CHEMBL3647257,CC(CCc1ccc(OCCCC2CCCCC2)cc1)(C(=O)NO)S(C)(=O)=O,8.34,active,group1,411.561,3.1406,-4.519,6,2,101.08,-3.2184,0.6265,0.73783,7,1,10,396.24
CHEMBL3647258,CC(CCc1ccc(OCCCc2ccccc2)cc1)(C(=O)NO)S(C)(=O)=O,7.99,intermediate,group2,405.513,2.784,-4.058,6,2,101.08,1.0947,0.63636,0.73783,7,1,10,384.24
CHEMBL3696986,CNC(=O)C(C(=O)NO)N(C)C(=O)c1ccc(-c2ccccc2)cc1,8.11,active,group1,341.366,0.6764,-3.24,7,3,98.74,4.8364,0.61464,0.72942,7,1,5,329.38
CHEMBL3696987,CNC(=O)C(C(=O)NO)N(C)C(=O)c1ccc(-c2ccc(NC)cc2)cc1,8.15,active,group1,370.408,0.3234,-3.3,8,4,110.77,4.8364,0.62437,0.74499,8,1,6,360.81
CHEMBL3696988,CNC(=O)C(C(=O)NO)N(C)C(=O)c1ccc(-c2ccc(OC)cc2)cc1,8.48,active,group1,371.392,0.6064,-3.258,8,3,107.97,4.8231,0.61988,0.74499,8,1,6,355.63
CHEMBL3696989,CNC(=O)C(C(=O)NO)N(C)C(=O)c1ccc(-c2ccc(COC)cc2)cc1,8.21,active,group1,385.419,0.507,-3.252,8,3,107.97,4.5833,0.63083,0.74882,8,1,7,374.78
CHEMBL3696990,CNC(=O)C(C(=O)NO)N(C)C(=O)c1ccc(-c2ccc(C)cc2)cc1,8.43,active,group1,355.393,1.0203,-3.584,7,3,98.74,4.7786,0.61655,0.73864,7,1,5,347.23
CHEMBL3696991,CNC(=O)C(C(=O)NO)N(C)C(=O)c1ccc(-c2ccc(F)cc2)cc1,8.15,active,group1,359.356,0.7772,-3.554,7,3,98.74,3.4964,0.61655,0.76113,8,1,5,333.78
CHEMBL3696992,CNC(=O)C(C(=O)NO)N(C)C(=O)c1ccc(-c2ccc(OCCCN3CCOCC3)cc2)cc1,8.17,active,group1,484.551,0.7296,-3.018,10,3,120.44,5.6477,0.59048,0.76319,10,1,10,470.87
CHEMBL3696993,CNC(=O)C(C(=O)NO)N(C)C(=O)c1ccc(-c2ccc3c(c2)OCO3)cc1,8.3,active,group1,385.375,0.7878,-3.951,9,3,117.2,4.7357,0.56087,0.79924,9,1,5,352.71
CHEMBL3696994,CNC(=O)C(C(=O)NO)N(C)C(=O)c1ccc(-c2ccc3c(c2)CCN3C)cc1,8.33,active,group1,396.446,0.7102,-3.625,8,3,101.98,6.871,0.55765,0.81096,8,1,5,373.04
CHEMBL3696995,CNC(=O)C(C(=O)NO)N(C)C(=O)c1ccc(-c2ccc(N(C)C)cc2)cc1,8.14,active,group1,384.435,0.5728,-3.276,8,3,101.98,5.1312,0.62807,0.74882,8,1,6,377.72
CHEMBL3696996,CNC(=O)C(C(=O)NO)N(C)C(=O)c1ccc(-c2ccc(OC(F)(F)F)cc2)cc1,8.34,active,group1,425.362,1.7754,-4.263,8,3,107.97,-3.2239,0.64538,0.77687,11,1,7,367.11
CHEMBL3696997,CNC(=O)C(C(=O)NO)N(C)C(=O)c1ccc(-c2ccc(C(F)(F)F)cc2)cc1,8.17,active,group1,409.363,1.5247,-4.018,7,3,98.74,-2.3536,0.6301,0.77933,10,1,6,361.27
CHEMBL3696998,CNC(=O)C(C(=O)NO)N(C)C(=O)c1ccc(-c2ccc(NCCCCCN3CCOCC3)cc2)cc1,8.08,active,group1,511.621,1.3554,-3.6,10,4,123.24,3.2301,0.60646,0.76455,10,1,12,507.71
CHEMBL3696999,CNC(=O)C(C(=O)NO)N(C)C(=O)c1ccc(-c2ccccc2)c(F)c1,8.04,active,group1,359.356,0.7772,-3.554,7,3,98.74,3.4964,0.6136,0.79924,8,1,5,332.3
CHEMBL3697000,CNc1ccc(-c2ccc(C(=O)N(C)C(C(=O)NO)C(=O)NCc3cc(C)on3)cc2)cc1,8.12,active,group1,451.481,0.6037,-4.112,10,4,136.8,4.6103,0.59193,0.78648,10,1,8,428.58
CHEMBL3697001,CNC(=O)C(C(=O)NO)N(C)C(=O)c1ccc(-c2ccc3c(c2)OC(OC)O3)cc1,8.25,active,group1,415.401,1.5372,-3.197,10,3,126.43,-0.88534,0.55938,0.81812,10,2,6,375.44
CHEMBL3697002,CNC(=O)C(C(=O)NO)N(C)C(=O)c1ccc(-c2ccc(OCCO)cc2)cc1,8.24,active,group1,401.418,0.086,-3.051,9,4,128.2,4.333,0.62551,0.75181,9,1,8,384.29
CHEMBL3697003,Cc1cc(CNC(=O)C(C(=O)NO)N(C)C(=O)c2ccc(-c3ccccc3)cc2)no1,8.15,active,group1,422.44,0.9567,-4.052,9,3,124.77,4.429,0.57862,0.77499,9,1,7,398.97
CHEMBL3697004,CNC(=O)C(C(=O)NO)N(C)C(=O)c1ccc(-c2ccc3c(c2)CCO3)cc1,8.3,active,group1,383.403,0.9022,-3.607,8,3,107.97,4.3199,0.56087,0.79924,8,1,5,360.32
CHEMBL3697005,CNC(=O)C(C(=O)NO)N(C)C(=O)c1ccc(C#Cc2ccccc2)cc1,8.14,active,group1,365.388,1.2012,-2.19,7,3,98.74,1.1064,0.56319,0.72232,7,1,5,359.41
CHEMBL3697006,CNC(=O)C(C(=O)NO)N(C)C(=O)c1ccc(-c2ccc(CF)cc2)cc1,8.35,active,group1,373.383,0.7802,-3.706,7,3,98.74,3.4964,0.61973,0.76523,8,1,6,349.63
CHEMBL3697007,CNC(=O)C(C(=O)NO)N(C)C(=O)c1ccc(-c2ccc3c(c2)OCC3)cc1,8.3,active,group1,383.403,0.9022,-3.607,8,3,107.97,4.3199,0.56087,0.79924,8,1,5,355.66
CHEMBL3697008,CNC(=O)C(C(=O)NO)N(C)C(=O)c1ccc(C#Cc2ccc(CN3CCCOCC3)cc2)cc1,8.38,active,group1,478.547,1.1351,-2.041,9,3,111.21,-0.56629,0.526,0.76856,9,1,7,461.8
CHEMBL3697009,CCOc1ccc(-c2ccc(C(=O)N(C)C(C(=O)NC)C(=O)NO)cc2)cc1,8.51,active,group1,385.419,1.0127,-3.558,8,3,107.97,3.3557,0.61871,0.74882,8,1,7,375.35
CHEMBL3697010,CNC(=O)C(C(=O)NO)N(C)C(=O)c1ccc(C#Cc2ccc(CNC3CC3)cc2)cc1,8.21,active,group1,434.494,1.0873,-2.83,8,4,110.77,1.8332,0.5494,0.74806,8,1,8,431.74
CHEMBL3697011,CNC(=O)[C@@](C)(C(=O)NO)N(C)C(=O)c1ccc(C#Cc2ccc(CN3CCCOCC3)cc2)cc1,8.7,active,group1,492.574,1.5157,-2.15,9,3,111.21,0.34526,0.49779,0.81047,9,1,7,461.78
CHEMBL3697012,CNC(=O)[C@@](C)(C(=O)NO)N(C)C(=O)c1ccc(C#Cc2ccc(CNC3COC3)cc2)cc1,8.51,active,group1,464.52,0.6459,-2.32,9,4,120,2.3,0.51222,0.7971,9,1,8,434.94
CHEMBL3697015,CNC(=O)C(C(=O)NO)N(C)C(=O)c1ccc(-c2ccc(C#CCOC)cc2)cc1,8.54,active,group1,409.441,1.1989,-4.156,8,3,107.97,0.85333,0.59915,0.75402,8,1,7,402.83
CHEMBL3697017,CNC(=O)[C@@](C)(C(=O)NO)N(C)C(=O)c1ccc(CCc2ccc(CN3CCOCC3)cc2)cc1,8.29,active,group1,482.579,1.1911,-2.482,9,3,111.21,5.2355,0.62499,0.80188,9,1,9,450.66
CHEMBL3697018,CNC(=O)[C@@](C)(C(=O)NO)N(C)C(=O)c1ccc(/C=C/c2ccc(CN3CCOCC3)cc2)cc1,8.55,active,group1,480.563,1.1967,-2.98,9,3,111.21,6.4363,0.53683,0.80188,9,1,8,454.01
CHEMBL3697019,CNC(=O)C(C(=O)NO)N(C)C(=O)c1ccc(/C=C/C#Cc2ccc(CNC3CC3)cc2)cc1,8.37,active,group1,460.532,1.6976,-4.629,8,4,110.77,1.9226,0.54207,0.7473,8,1,9,464.85
CHEMBL3697020,CNC(=O)C(C(=O)NO)N(C)C(=O)c1ccc(C#C/C=C/c2ccc(CNC3CC3)cc2)cc1,8.04,active,group1,460.532,1.6976,-4.629,8,4,110.77,1.9226,0.53595,0.7473,8,1,9,465.4
CHEMBL3697022,CNC(=O)C(C)(C(=O)NO)N(C)C(=O)c1ccc(C#Cc2coc(COC)c2)cc1,8.32,active,group1,413.429,0.6011,-1.993,9,3,121.11,2.1025,0.52574,0.79217,9,1,7,386.59
CHEMBL3697023,CNC(=O)[C@@](C)(C(=O)NO)N(C)C(=O)c1ccc(C#Cc2coc(COC)c2)cc1,8.8,active,group1,413.429,0.6011,-1.993,9,3,121.11,2.1025,0.52574,0.8003,9,1,7,386.6
CHEMBL3697030,CCOC1CN(Cc2ccc(C#Cc3ccc(C(=O)N(C)C(C(=O)NC)C(=O)NO)cc3)cc2F)C1,8.41,active,group1,496.537,1.356,-2.463,9,3,111.21,-0.92736,0.5352,0.81096,10,1,9,473.5
CHEMBL3697031,CNC(=O)[C@@](C)(C(=O)NO)N(C)C(=O)c1ccc(C#Cc2coc(CNC3CC3)c2)cc1,8.47,active,group1,438.482,0.6566,-2.621,9,4,123.91,2.9252,0.51455,0.807,9,1,8,413.79
CHEMBL379290,Clc1ccc(CCn2ccnc2)cc1,2.56,inactive,group2,206.675,2.2565,-1.97,2,0,17.82,3.3909,0.5615,0.53731,3,0,3,211.7
CHEMBL3892214,CC1(O)CCN(C(=O)COc2ccc(-c3ccc(CC[C@](C)(C(=O)NO)S(C)(=O)=O)cc3)cc2)CC1,9.07,potent,group1,518.629,2.0697,-4.51,9,3,141.62,1.6659,0.58795,0.79871,10,1,9,469.6
CHEMBL3896920,CC(=O)c1ccc(-c2ccc(CC[C@](C)(C(=O)NO)S(C)(=O)=O)cc2)nc1,9.15,potent,group1,390.459,1.1719,-4.002,7,2,121.81,1.2209,0.61803,0.80083,8,1,7,353.96
CHEMBL3898761,C[C@@](CCc1ccc(-c2ccc(OCCCN3CCCCC3)cc2)cc1)(C(=O)NO)S(C)(=O)=O,9.33,potent,group1,488.647,3.4278,-5.088,7,2,104.32,-0.43057,0.59262,0.77562,8,1,11,467.06
CHEMBL3903915,COc1cccc(-c2ccc(CC[C@](C)(C(=O)NO)S(C)(=O)=O)cc2)c1,7.27,intermediate,group2,377.46,2.1406,-4.439,6,2,101.08,1.3967,0.62335,0.77436,7,1,7,349.47
CHEMBL3904237,C[C@@](CCc1ccc(-c2cc3ccccc3[nH]2)cc1)(C(=O)NO)S(C)(=O)=O,10.47,potent,group1,386.471,2.341,-4.638,6,3,107.64,2.8383,0.55517,0.8153,7,1,6,354.27
CHEMBL3913240,C[C@@](CCc1ccc(-c2ccc(C(=O)N3CCC[C@@H]3CO)cc2)cc1)(C(=O)NO)S(C)(=O)=O,8.4,active,group1,474.576,2.1049,-4.621,8,3,132.39,-6.8721,0.60254,0.81719,9,2,8,421.76
CHEMBL3916698,C[C@@](CCc1ccc(-c2ccc(OCC(=O)N3CCC(O)CC3)cc2)cc1)(C(=O)NO)S(C)(=O)=O,9.27,potent,group1,504.602,1.7717,-4.401,9,3,141.62,0.6352,0.58752,0.79273,10,1,9,461.88
CHEMBL3917201,CC(=O)c1ccc(-c2ccc(CC[C@](C)(C(=O)NO)S(C)(=O)=O)cc2)cc1,10.17,potent,group1,389.471,2.0818,-5.105,6,2,108.92,-6.9827,0.62589,0.7679,7,1,7,360.61
CHEMBL3924968,CC(=O)c1ccc(-c2ccc(CC[C@](C)(C(=O)NO)S(C)(=O)=O)cc2)cn1,9.61,potent,group1,390.459,1.1349,-4.334,7,2,121.81,1.2209,0.606,0.7971,8,1,7,354.84
CHEMBL3925623,C[C@@](CCc1ccc(-c2ccc(OCCN3CCOCC3)cc2)cc1)(C(=O)NO)S(C)(=O)=O,9.29,potent,group1,476.592,1.8094,-3.929,8,2,113.55,-0.35507,0.59303,0.77562,9,1,10,443.92
CHEMBL3926501,CCOC1CN(Cc2ccc(C#Cc3ccc(C(=O)N(C)[C@@](C)(C(=O)NC)C(=O)NO)cc3)cc2)C1,8.64,active,group1,492.574,1.6358,-2.258,9,3,111.21,1.3406,0.51493,0.80649,9,1,9,470.76
CHEMBL3935743,CC(C)(O)C(=O)c1ccc(-c2ccc(CC[C@](C)(C(=O)NO)S(C)(=O)=O)cc2)cc1,9.56,potent,group1,433.523,1.895,-5.085,7,3,129.15,-7.7118,0.63003,0.79048,8,1,8,396.31
CHEMBL3939284,CC(C)(N)[C@H](NC(=O)c1ccc(C#CC#C[C@@H]2C[C@H]2CO)cc1)C(=O)NO,10.7,potent,group1,369.42,0.7117,-5.755,7,5,124.68,-3.8157,0.37592,0.69862,7,3,6,373.63
CHEMBL3939444,C[C@@](CCc1ccc(-c2ccc(NS(C)(=O)=O)cc2)cc1)(C(=O)NO)S(C)(=O)=O,9.15,potent,group1,440.54,1.2593,-5.508,8,3,146.4,-2.6644,0.63977,0.76921,10,1,7,379.98
CHEMBL3943333,C[C@](CCc1ccc(-c2ccc3c(c2)OCCO3)cc1)(C(=O)NO)S(C)(=O)=O,7.84,intermediate,group2,405.47,2.1894,-4.603,7,2,110.31,-5.2894,0.55912,0.81625,8,1,6,362.08
CHEMBL3948562,C[C@@](CCc1ccc(-c2ccc(N)nc2)cc1)(C(=O)NO)S(C)(=O)=O,7.74,intermediate,group2,363.437,0.8838,-4.227,7,3,130.76,1.3377,0.62007,0.77687,8,1,6,333
CHEMBL3950184,C[C@@](CCc1ccc(-c2cnc3ccccc3c2)cc1)(C(=O)NO)S(C)(=O)=O,9.62,potent,group1,398.482,2.5266,-5.127,6,2,104.74,1.3422,0.54999,0.81243,7,1,6,362.84
CHEMBL3957683,C[C@@](CCc1ccc(-c2ccc(C(=O)N3CCC(O)CC3)cc2)cc1)(C(=O)NO)S(C)(=O)=O,8.47,active,group1,474.576,2.1968,-4.621,8,3,132.39,-5.0501,0.60016,0.80291,9,1,7,427.68
CHEMBL3960664,C[C@@](CCc1ccc(-c2ccc(C#N)cn2)cc1)(C(=O)NO)S(C)(=O)=O,9.09,potent,group1,373.432,1.1363,-4.091,7,2,128.53,-2.9551,0.60389,0.78935,8,1,6,339.91
CHEMBL3961895,C[C@@](CCc1ccc(-c2ccc3c(c2)C(=O)NC3)cc1)(C(=O)NO)S(C)(=O)=O,9.43,potent,group1,402.47,1.1213,-4.663,7,3,120.95,2.9742,0.56055,0.83229,8,1,6,357.53
CHEMBL3977768,CC(=O)Nc1ccc(-c2ccc(CC[C@](C)(C(=O)NO)S(C)(=O)=O)cc2)cc1,8.76,active,group1,404.486,1.9143,-4.763,7,3,120.95,-2.9032,0.62226,0.76856,8,1,7,375.43
CHEMBL3978300,C[C@@](CCc1ccc(-c2ccc3c(c2)CNC3=O)cc1)(C(=O)NO)S(C)(=O)=O,9.57,potent,group1,402.47,1.1213,-4.663,7,3,120.95,2.3343,0.56055,0.8267,8,1,6,357.45
CHEMBL3979146,COc1ccc(-c2ccc(CC[C@](C)(C(=O)NO)S(C)(=O)=O)cc2)cn1,9.62,potent,group1,378.448,1.4911,-4.169,7,2,113.97,1.4276,0.61683,0.78531,8,1,7,346.26
CHEMBL3981777,C[C@@](CCc1ccc(-c2cnc3cc[nH]c3c2)cc1)(C(=O)NO)S(C)(=O)=O,7.96,intermediate,group2,387.459,1.3716,-4.046,7,3,120.53,1.6139,0.56397,0.82887,8,1,6,345.03
CHEMBL3986406,C[C@@](CCc1ccc(-c2ccc(CC(=O)N3CCC(O)CC3)cc2)cc1)(C(=O)NO)S(C)(=O)=O,8.58,active,group1,488.603,2.1949,-4.586,8,3,132.39,-0.0783,0.62771,0.79602,9,1,8,450.72
CHEMBL3987119,C[C@@](CCc1ccc(-c2ccc(OCC(=O)N3CC(O)C3)cc2)cc1)(C(=O)NO)S(C)(=O)=O,9.29,potent,group1,476.548,1.0877,-3.861,9,3,141.62,0.9887,0.58906,0.78531,10,1,9,436.17
CHEMBL4061199,CC(C)(O)[C@H](N[C@H]1CCc2cc(C#Cc3ccc(CN4CCOCC4)cc3)ccc21)C(=O)NO,9.4,potent,group1,463.576,2.2661,-2.907,7,4,94.06,-1.4562,0.38448,0.82043,7,2,7,448.07
CHEMBL4062274,CC(C)(O)[C@H](N[C@H]1CCc2cc(C#Cc3ccc(CN4CCN(CCO)CC4)cc3)ccc21)C(=O)NO,7.85,intermediate,group2,506.645,1.8551,-2.202,8,5,108.3,2.9613,0.41262,0.82714,8,2,9,497.96
CHEMBL4064896,C[C@@H](O)[C@H](N[C@@H]1CCc2cc(C#Cc3ccc(CN4CCOCC4)cc3)ccc21)C(=O)NO,8.1,active,group1,449.549,1.8855,-2.798,7,4,94.06,-1.3242,0.39614,0.81339,7,3,7,442.82
CHEMBL4066982,C[C@@H](O)[C@H](NC1CCN(C)c2cc(C#Cc3ccc(CN4CCOCC4)cc3)ccc21)C(=O)NO,7.75,intermediate,group2,478.591,1.4465,-2.631,8,4,97.3,1.7353,0.42722,0.83968,8,3,7,465.55
CHEMBL4068010,COC1CCN(Cc2ccc(C#Cc3ccc4c(c3)CC[C@@H]4N[C@H](C(=O)NO)[C@@H](C)O)cc2)CC1,8.52,active,group1,477.603,2.6253,-3.416,7,4,94.06,0.96855,0.40356,0.82043,7,3,8,473.99
CHEMBL4070767,C[C@@H](O)[C@H](NC1CCOc2cc(C#Cc3ccccc3)ccc21)C(=O)NO,7.89,intermediate,group2,366.416,2.0466,-3.032,6,4,90.82,-1.7305,0.40925,0.80135,6,3,5,360.06
CHEMBL4070896,CC(C)(N)[C@H](NC1COCc2cc(C#Cc3ccc(CN4CCOCC4)cc3)ccc21)C(=O)NO,8.1,active,group1,478.591,0.6628,-2.522,8,4,109.08,0.46296,0.43772,0.82887,8,2,7,458.23
CHEMBL4071396,C[C@@H](O)[C@H](NC1CCCc2cc(C#Cc3ccc(CN4CCOCC4)cc3)ccc21)C(=O)NO,8.7,active,group1,463.576,2.2275,-3.068,7,4,94.06,-3.2042,0.43311,0.82225,7,3,7,453.97
CHEMBL4074829,C[C@@H](O)[C@H](NC1CN(C)Cc2cc(C#Cc3ccccc3)ccc21)C(=O)NO,6.97,inactive,group2,379.459,1.1975,-2.258,6,4,84.83,1.666,0.40213,0.81951,6,3,5,376.03
CHEMBL4076006,CC(N[C@H](C(=O)NO)[C@@H](C)O)c1ccc(C#Cc2ccccc2)cc1,7.14,intermediate,group2,338.406,1.8942,-2.898,5,4,81.59,-0.70833,0.49879,0.67908,5,3,6,351.3
CHEMBL4076631,CCCCC(N[C@H](C(=O)NO)[C@@H](C)O)c1ccc(C#Cc2ccccc2)cc1,6.21,inactive,group2,380.486,3.2574,-3.708,5,4,81.59,-6.7948,0.51176,0.72141,5,3,9,400.89
CHEMBL4077329,CCC(N[C@H](C(=O)NO)[C@@H](C)O)c1ccc(C#Cc2ccccc2)cc1,6.67,inactive,group2,352.433,2.3486,-3.168,5,4,81.59,-1.2451,0.50665,0.70389,5,3,7,360.87
CHEMBL4077504,C[C@@H](O)[C@H](NC1CCc2cc(C#Cc3ccccc3)ccc21)C(=O)NO,7.7,intermediate,group2,350.417,2.2936,-3.217,5,4,81.59,-2.4542,0.3989,0.79105,5,3,5,356.63
CHEMBL4077947,C[C@@H](O)[C@H](NC1CCOc2cc(C#Cc3ccc(CN4CCOCC4)cc3)ccc21)C(=O)NO,8.22,active,group1,465.548,1.6385,-2.613,8,4,103.29,-0.43464,0.43041,0.82225,8,3,7,448.72
CHEMBL4078871,CNCCOCc1ccc(C#Cc2ccc3c(c2)CC[C@@H]3N[C@H](C(=O)NO)[C@@H](C)O)cc1,8.22,active,group1,437.538,1.5575,-3.014,7,5,102.85,-2.8066,0.42979,0.80599,7,3,10,447.21
CHEMBL4081478,Cc1nccn1Cc1ccc(C#Cc2ccc3c(c2)CC[C@@H]3N[C@H](C(=O)NO)[C@@H](C)O)cc1,8.4,active,group1,444.533,2.1775,-2.113,7,4,99.41,-0.44364,0.39345,0.82844,7,3,7,436.68
CHEMBL4083988,CC(C)(N)[C@H](N[C@H]1CCc2cc(C#Cc3ccc(CN4CCOCC4)cc3)ccc21)C(=O)NO,8.22,active,group1,462.592,1.8683,-2.983,7,4,99.85,-0.28917,0.39161,0.82043,7,2,7,447.77
CHEMBL4086726,C[C@@H](O)[C@H](N[C@H]1CCc2cc(C#Cc3ccc(CN4CCN(CCO)CC4)cc3)ccc21)C(=O)NO,7.85,intermediate,group2,492.618,1.4745,-2.093,8,5,108.3,3.1244,0.41973,0.82043,8,3,9,490.53
CHEMBL4087371,C[C@@H](O)[C@H](NC1CCCc2cc(C#Cc3ccccc3)ccc21)C(=O)NO,8.3,active,group1,364.444,2.6356,-3.487,5,4,81.59,-4.3342,0.41303,0.80135,5,3,5,363.94
CHEMBL4089198,C[C@@H](O)[C@H](N[C@H]1CCc2cc(C#Cc3ccc(CN4CC(O)C4)cc3)ccc21)C(=O)NO,7.2,intermediate,group2,435.522,1.5134,-2.748,7,5,105.06,0.23684,0.39095,0.81339,7,3,7,428.29
CHEMBL4091763,CC(C)(N)[C@H](NC1COCc2cc(C#Cc3ccc(Cn4ccnc4CO)cc3)ccc21)C(=O)NO,8.3,active,group1,489.574,0.0136,-1.377,9,5,134.66,-0.59607,0.45126,0.8486,9,2,8,458.33
CHEMBL4091798,C[C@@H](O)[C@H](NCc1ccc(C#Cc2ccccc2)cc1)C(=O)NO,7.7,intermediate,group2,324.379,1.6075,-2.827,5,4,81.59,-1.3452,0.52829,0.63962,5,2,6,338.5
CHEMBL4092719,CC(C)(N)[C@H](N[C@H]1CCc2cc(C#Cc3ccc(Cn4ccnc4CO)cc3)ccc21)C(=O)NO,8.7,active,group1,473.575,1.2191,-1.838,8,5,125.43,0.38061,0.40767,0.84127,8,2,8,451.9
CHEMBL4094466,C[C@@H](O)[C@H](N[C@H]1CCc2cc(C#Cc3ccc(CN4CCN(C)CC4)cc3)ccc21)C(=O)NO,7.52,intermediate,group2,462.592,1.9949,-2.3,7,4,88.07,3.9792,0.39112,0.81578,7,3,7,462.48
CHEMBL4095059,C[C@@H](O)[C@H](NC1CCc2cc(C#Cc3ccc(CN4CCOCC4)cc3)ccc21)C(=O)NO,8.4,active,group1,449.549,1.8855,-2.798,7,4,94.06,-1.3242,0.42407,0.81339,7,3,7,444.88
CHEMBL4096903,C[C@@H](O)[C@H](N[C@H]1CCc2cc(C#Cc3ccc(CN4CC[C@@H](O)C4)cc3)ccc21)C(=O)NO,7.58,intermediate,group2,449.549,1.8554,-3.018,7,5,105.06,0.69101,0.38401,0.81905,7,4,7,442.73
CHEMBL4098438,C[C@@H](O)[C@H](N[C@H]1CCc2cc(C#Cc3ccc(CN4CCOCC4)cc3)ccc21)C(=O)NO,8.52,active,group1,449.549,1.8855,-2.798,7,4,94.06,-1.3242,0.39185,0.81339,7,3,7,442.75
CHEMBL4098674,C[C@@H](O)[C@H](NC1COCc2cc(C#Cc3ccccc3)ccc21)C(=O)NO,7.85,intermediate,group2,366.416,1.0881,-2.756,6,4,90.82,-3.5422,0.41666,0.80135,6,3,5,359.5
CHEMBL4099505,C[C@@H](O)[C@H](N[C@H]1CCc2cc(C#Cc3ccc(Cn4ccnc4CCO)cc3)ccc21)C(=O)NO,8.3,active,group1,474.559,1.6664,-1.765,8,5,119.64,-2.6055,0.42239,0.84008,8,3,9,463.46
CHEMBL4100209,CCCC(N[C@H](C(=O)NO)[C@@H](C)O)c1ccc(C#Cc2ccccc2)cc1,7.3,intermediate,group2,366.459,2.803,-3.438,5,4,81.59,-3.2354,0.50938,0.71581,5,3,8,380.65
CHEMBL4102207,C[C@@H](O)[C@H](NC1COCc2cc(C#Cc3ccc(CN4CCOCC4)cc3)ccc21)C(=O)NO,8.22,active,group1,465.548,0.68,-2.337,8,4,103.29,-0.56665,0.43571,0.82225,8,3,7,447.53
CHEMBL4102818,C[C@@H](O)[C@H](NC1CCN(C)c2cc(C#Cc3ccccc3)ccc21)C(=O)NO,7.82,intermediate,group2,379.459,1.8546,-3.05,6,4,84.83,1.7312,0.40531,0.82134,6,3,5,374.8
CHEMBL4103054,C[C@@H](O)[C@H](NC1CCCCc2cc(C#Cc3ccccc3)ccc21)C(=O)NO,6.48,inactive,group2,378.47,2.9776,-3.757,5,4,81.59,-6.6642,0.4072,0.808,5,3,5,373.33
CHEMBL4104633,C[C@@H](O)[C@H](N[C@H]1CCc2cc(C#Cc3ccc(CN4CCCCC4)cc3)ccc21)C(=O)NO,8,active,group1,447.577,3.0495,-3.687,6,4,84.83,-0.86479,0.391,0.81339,6,3,7,444.23
CHEMBL4106562,CC(=O)NC[C@@H]1CN(c2ccc(-c3ccc(CC[C@](C)(C(=O)NO)S(C)(=O)=O)cc3)c(F)c2)C(=O)O1,8.83,active,group1,521.564,1.4023,-5.659,10,3,150.49,-1.8573,0.59928,0.86659,12,2,9,463.37
CHEMBL4109330,C[C@@](CCc1ccc(-c2ccc(OP(=O)(O)O)cc2)cc1)(C(=O)NO)S(C)(=O)=O,7.05,intermediate,group2,443.412,-1.3801,-3.015,9,4,168.42,-20.672,0.65251,0.77309,11,1,8,376.67
CHEMBL4177101,Clc1ccc(CCCCn2ccnc2)cc1,4.22,inactive,group2,234.729,3.1653,-2.51,2,0,17.82,0.63258,0.57181,0.51966,3,0,5,250.67
CHEMBL419556,O=C(NO)C1COC(c2ccc(OCc3cccc(F)c3)c(OC(F)(F)F)c2)=N1,6.6,inactive,group2,414.31,2.2559,-4.765,7,2,89.38,-10.195,0.40384,0.81243,11,1,7,344.4
CHEMBL4741753,CCSC(Cn1nnc2cc(C#Cc3ccc(CN4CCOCC4)cc3)ccc21)N(O)C=O,5.27,inactive,group2,465.576,1.8326,-2.849,8,1,109.02,-4.9897,0.45677,0.8085,9,1,8,446.53
CHEMBL4742289,N[C@@H](CO)C(=O)Nc1cccc(OC(F)(F)F)c1,3.88,inactive,group2,264.202,0.5704,-2.421,5,3,84.58,-10.685,0.64069,0.6621,8,1,5,236.11
CHEMBL4743193,N[C@H](CO)C(=O)N1CCC(Cc2ccc(C#Cc3ccc(CO)cc3)cc2)CC1,7.66,intermediate,group2,392.497,2.4601,-2.7,5,3,86.79,-4.5648,0.504,0.6909,5,1,6,403.48
CHEMBL4744809,CS(=O)(=O)CC[C@@H](N)C(=O)Nc1cccc(OC(F)(F)F)c1,5.05,inactive,group2,340.321,0.628,-3.016,6,2,106.87,-12.015,0.6329,0.6621,10,1,7,292.28
CHEMBL4746493,O=CN(O)CCc1nnn2cc(C#Cc3ccc(CN4CCOCC4)cc3)ccc12,7.43,intermediate,group2,405.457,0.7971,-2.235,8,1,83.2,-4.8401,0.40326,0.80649,8,0,6,403.34
CHEMBL4747065,N[C@H](CO)C(=O)Nc1cccc(OC(F)(F)F)c1,4.89,inactive,group2,264.202,0.5704,-2.421,5,3,84.58,-10.685,0.64244,0.6621,8,1,5,236.27
CHEMBL4747127,CC(O)c1nccn1CCc1ccc(-c2ccccc2)cc1,4.98,inactive,group2,292.381,2.8886,-2.559,3,1,38.05,1.4493,0.51075,0.68629,3,1,5,312.25
CHEMBL4747965,C[C@H](O)c1nccn1Cc1cc(C#Cc2ccc(OCC(N)(CO)CO)cc2)on1,7.7,intermediate,group2,412.445,-0.5104,0.336,9,4,139.79,-3.6681,0.48865,0.76113,9,1,9,401.74
CHEMBL4750137,N[C@H](CO)C(=O)N1CCC(Cc2ccc(CCc3ccccc3)cc2)CC1,5.34,inactive,group2,366.503,3.0748,-3.418,4,2,66.56,-1.8848,0.60273,0.67407,4,1,7,379.33
CHEMBL4750316,CC(O)c1nccn1Cc1cc(C#Cc2ccccc2)on1,7.69,intermediate,group2,293.325,1.5913,-0.304,5,1,64.08,-0.60458,0.40896,0.72591,5,1,4,302.06
CHEMBL4750538,NC[C@@H](N)C(=O)Nc1cccc(OC(F)(F)F)c1,4.4,inactive,group2,263.218,0.1726,-2.497,5,3,90.37,-7.5176,0.62993,0.6621,8,1,5,238.27
CHEMBL4751118,N[C@H](CO)C(=O)N1CCC(Cc2ccc(-c3ccccc3)cc2)CC1,6.18,inactive,group2,338.449,2.5326,-3.866,4,2,66.56,-0.83478,0.54453,0.68393,4,1,5,346.01
CHEMBL4751248,O=CN(O)CCn1nnc2cc(C#Cc3ccc(CN4CCOCC4)cc3)ccc21,7.36,intermediate,group2,405.457,1.1206,-2.104,8,1,83.72,-5.5656,0.43522,0.77872,8,0,6,397.47
CHEMBL4751265,CC(O)c1nccn1Cc1ccc(-c2ccccc2)cc1,5.41,inactive,group2,278.354,2.5482,-2.209,3,1,38.05,1.2299,0.50697,0.69536,3,1,4,289.28
CHEMBL4752810,C[C@H](O)c1nccn1Cc1cc(C#Cc2ccc(CCCO)cc2)on1,8.39,active,group1,351.405,1.8785,-0.57,6,2,84.31,-6.2511,0.44627,0.74499,6,1,7,366.39
CHEMBL4753921,COC(Cn1nnc2cc(C#Cc3ccc(CN4CCOCC4)cc3)ccc21)N(O)C=O,5.14,inactive,group2,435.483,0.8408,-2.046,9,1,92.95,-5.5247,0.43889,0.80343,9,1,7,421.11
CHEMBL4755244,O=CN(O)CCN1C(=O)Cc2cc(C#Cc3ccc(CN4CCOCC4)cc3)ccc21,6.77,inactive,group2,419.48,1.5912,-2.614,7,1,73.32,-0.56429,0.42663,0.8075,7,0,6,410.39
CHEMBL4755307,O=CN(O)CCc1nnc2cc(C#Cc3ccc(CN4CCOCC4)cc3)ccn12,6.55,inactive,group2,405.457,0.9185,-3.15,8,1,83.2,-0.14122,0.39418,0.80446,8,0,6,403.52
CHEMBL4755686,N[C@H](CC(=O)O)C(=O)Nc1cccc(OC(F)(F)F)c1,4.95,inactive,group2,292.212,-1.0516,-2.673,6,3,101.65,-8.7612,0.65559,0.68031,9,1,6,251.9
CHEMBL4756364,CCC(Cc1n[nH]c2cc(C#Cc3ccc(CN4CCOCC4)cc3)ccc12)N(O)C=O,5,inactive,group2,432.522,2.555,-3.196,7,2,81.69,0.026385,0.42986,0.80291,7,1,7,430.3
CHEMBL4756745,CC[C@@H]([C@@H](CC(C)O)c1n[nH]c2cc(C#Cc3ccc(CN4CCOCC4)cc3)ccc12)N(O)C=O,4.6,inactive,group2,490.602,2.8695,-3.705,8,3,101.92,-3.0799,0.41804,0.86889,8,3,9,470.87
CHEMBL4757624,C[C@@H](O)c1nccn1Cc1cc(C#Cc2ccc(CCCO)cc2)on1,5.85,inactive,group2,351.405,1.8785,-0.57,6,2,84.31,-6.2511,0.44627,0.74499,6,1,7,366.69
CHEMBL4758755,NCC(=O)Nc1cccc(OC(F)(F)F)c1,4.38,inactive,group2,234.176,1.1378,-2.55,4,2,64.35,-7.4996,0.62746,0.62953,7,0,4,209.86
CHEMBL4759491,CS(=O)(=O)NC[C@@H](N)C(=O)Nc1cccc(OC(F)(F)F)c1,4.36,inactive,group2,341.309,0.4608,-3.167,7,3,118.9,-4.3451,0.66063,0.6621,11,1,6,285.17
CHEMBL4759498,CC(O)c1nccn1CCc1ccc(C#Cc2ccccc2)cc1,5.75,inactive,group2,316.403,3.4134,-1.509,3,1,38.05,-2.2807,0.45672,0.6766,3,1,5,342.84
CHEMBL4760055,O=CN(O)CCn1cnc2cc(C#Cc3ccc(CN4CCOCC4)cc3)ccc21,5.96,inactive,group2,404.469,1.7057,-1.826,7,1,70.83,-1.3071,0.43522,0.77933,7,0,6,399.62
CHEMBL4760487,OC(COc1ccc(Cl)cc1)Cn1ccnc1,3.33,inactive,group2,252.7,1.2659,-1.656,4,1,47.28,5.2061,0.57043,0.58491,5,1,5,246.37
CHEMBL4761278,O=CN(O)CCn1ccc2cc(C#Cc3ccc(CN4CCOCC4)cc3)ncc21,6,inactive,group2,404.469,1.1986,-1.369,7,1,70.83,-1.6804,0.41955,0.80188,7,0,6,398.63
CHEMBL4763699,C[C@H](O)c1nccn1Cc1cc(C#Cc2ccc(OC3CN(CCO)C3)cc2)on1,8.36,active,group1,408.457,0.818,0.238,8,2,96.78,0.1084,0.42355,0.76387,8,1,8,406.4
CHEMBL4763800,OCc1nccn1CCCc1ccc(Cl)cc1,3.97,inactive,group2,250.728,2.0031,-1.408,3,1,38.05,1.3748,0.58536,0.59413,4,0,5,254.83
CHEMBL4763862,CS[C@H](Cn1nnc2cc(C#Cc3ccc(CN4CCOCC4)cc3)ccc21)N(O)C=O,4.68,inactive,group2,451.55,1.3356,-2.617,8,1,109.02,-5.4226,0.44397,0.80343,9,1,7,427.79
CHEMBL4765058,N[C@H](CO)C(=O)N1CCC(Cc2ccccc2)CC1,4.6,inactive,group2,262.352,0.8734,-1.78,4,2,66.56,-0.83478,0.56371,0.60895,4,1,4,275.43
CHEMBL4776055,O=CN(O)CCn1ccc2cc(C#Cc3ccc(CN4CCOCC4)cc3)ccc21,7.35,intermediate,group2,403.481,2.1455,-2.14,6,1,57.94,-1.6804,0.43522,0.77933,6,0,6,402.67
CHEMBL4779477,C[C@H](O)c1nccn1Cc1cc(C#Cc2ccc(OCCCNC3COC3)cc2)on1,8.33,active,group1,422.483,1.1167,-0.522,8,2,94.57,-0.47121,0.453,0.75329,8,1,10,425.9
CHEMBL4779531,CCC(Cn1nnc2cc(C#Cc3ccc(CN4CCOCC4)cc3)ccc21)N(O)C=O,5.62,inactive,group2,433.51,1.9343,-2.752,8,1,83.72,-4.8919,0.43389,0.80343,8,1,7,427.25
CHEMBL4780842,O=C(CNC(=O)c1ccc(C#Cc2ccc(CN3CCOCC3)cc2)cc1)NO,4.2,inactive,group2,393.442,1.4899,-2.288,7,3,90.9,-0.97306,0.4708,0.68153,7,0,6,392.66
CHEMBL4786538,O=CN(O)CCn1ncc2cc(C#Cc3ccc(CN4CCOCC4)cc3)ccc21,7.19,intermediate,group2,404.469,1.3525,-2.22,7,1,70.83,0.59958,0.43522,0.77872,7,0,6,401.67
CHEMBL4786856,N[C@H](CO)C(=O)N1CCC(Cc2ccc(C#Cc3ccccc3)cc2)CC1,7.47,intermediate,group2,362.471,3.0574,-2.816,4,2,66.56,-4.5648,0.50178,0.67407,4,1,5,377.37
CHEMBL4791421,CC(O)c1nccn1Cc1ccc(C#Cc2ccccc2)cc1,6.25,inactive,group2,302.376,3.073,-1.159,3,1,38.05,-2.5001,0.44656,0.68629,3,1,4,321.46
CHEMBL4792585,CC(O)c1nccn1Cc1ccc(Cl)cc1,3.67,inactive,group2,236.701,1.495,-0.859,3,1,38.05,1.2835,0.56541,0.68031,4,1,3,234.77
CHEMBL4792641,CC(O)c1nccn1CCc1ccc(Cl)cc1,3.58,inactive,group2,250.728,1.8354,-1.209,3,1,38.05,1.5045,0.55387,0.65205,4,1,4,252.23
CHEMBL4793599,CC(O)c1nccn1CCCc1ccc(-c2ccccc2)cc1,7.57,intermediate,group2,306.408,3.343,-2.829,3,1,38.05,0.5945,0.54341,0.68393,3,1,6,328.94
CHEMBL4794206,CC(O)c1nccn1CCCc1ccc(Cl)cc1,4.98,inactive,group2,264.755,2.2898,-1.479,3,1,38.05,0.64866,0.5867,0.63799,4,1,5,271.12
CHEMBL4794374,CC(O)c1nccn1CCCc1ccc(C#Cc2ccccc2)cc1,7.28,intermediate,group2,330.43,3.8678,-1.779,3,1,38.05,-3.1355,0.49237,0.67407,3,1,6,362.06
CHEMBL4794466,CSC(Cn1nnc2cc(C#Cc3ccc(CN4CCOCC4)cc3)ccc21)N(O)C=O,5.89,inactive,group2,451.55,1.3356,-2.617,8,1,109.02,-5.4226,0.44397,0.80343,9,1,7,427.79
CHEMBL4794968,CC(Cn1nnc2cc(C#Cc3ccc(CN4CCOCC4)cc3)ccc21)N(O)C=O,4.85,inactive,group2,419.484,1.4799,-2.482,8,1,83.72,-5.8483,0.42798,0.79493,8,1,6,411.66
CHEMBL4795002,CC(O)c1nccn1Cc1cc(C#Cc2ccc(CCCO)cc2)on1,8.05,active,group1,351.405,1.8785,-0.57,6,2,84.31,-6.2511,0.44627,0.74499,6,1,7,368.18
CHEMBL4795750,CC(O)c1nccn1Cc1cc(-c2ccccc2)on1,6.05,inactive,group2,269.303,1.1035,-1.022,5,1,64.08,3.1254,0.46205,0.73701,5,1,4,272.67
CHEMBL4796789,O=CN(O)CCn1ccc2nc(C#Cc3ccc(CN4CCOCC4)cc3)ccc21,6,inactive,group2,404.469,1.3211,-1.264,7,1,70.83,-1.6804,0.41955,0.80395,7,0,6,397.11
CHEMBL4797132,CCOC(Cn1nnc2cc(C#Cc3ccc(CN4CCOCC4)cc3)ccc21)N(O)C=O,4.39,inactive,group2,449.509,1.2471,-2.346,9,1,92.95,-8.3312,0.44321,0.8085,9,1,8,440.48
CHEMBL4797709,O=CN(O)C(CO)Cn1nnc2cc(C#Cc3ccc(CN4CCOCC4)cc3)ccc21,4.21,inactive,group2,435.483,0.5532,-1.975,9,2,103.95,-5.1502,0.42961,0.80343,9,1,7,420.2
CHEMBL4798463,C[C@H](O)c1nccn1Cc1cc(C#Cc2ccc(OCCCNCCN)cc2)on1,8.15,active,group1,409.488,0.4908,-0.246,8,3,111.36,-3.2417,0.47626,0.75032,8,1,11,431.34
CHEMBL4798753,O=CN(O)CCCc1ccc(C#Cc2ccc(CN3CCOCC3)cc2)cc1,7.2,intermediate,group2,378.47,2.9312,-2.72,5,1,53.01,-2.8269,0.49447,0.65645,5,0,7,394.87
CHEMBL4800171,OC(COc1ccccc1)Cn1ccnc1,2.95,inactive,group2,218.255,0.6599,-0.92,4,1,47.28,5.1728,0.57873,0.53731,4,1,5,228.44